1	нну	_	_	_	_	_	_	_	words@dmp1958m#@dmp1958m#246.627#246.883
2	/	_	_	_	_	_	_	_	words@dmp1958m#@dmp1958m#246.883#247.139
3	если	_	_	_	_	_	_	_	words@dmp1958m#@dmp1958m#247.139#247.395
4	говорить	_	_	_	_	_	_	_	words@dmp1958m#@dmp1958m#247.395#247.651
5	вот	_	_	_	_	_	_	_	words@dmp1958m#@dmp1958m#247.651#247.907
6	на	_	_	_	_	_	_	_	words@dmp1958m#@dmp1958m#247.907#248.163
7	сегодняшний	_	_	_	_	_	_	_	words@dmp1958m#@dmp1958m#248.163#248.419
8	момент	_	_	_	_	_	_	_	words@dmp1958m#@dmp1958m#248.419#248.675
9	/	_	_	_	_	_	_	_	words@dmp1958m#@dmp1958m#248.675#248.931
10	я	_	_	_	_	_	_	_	words@dmp1958m#@dmp1958m#248.931#249.187
11	себе	_	_	_	_	_	_	_	words@dmp1958m#@dmp1958m#249.187#249.443
12	сделал	_	_	_	_	_	_	_	words@dmp1958m#@dmp1958m#249.443#249.699
13	вот	_	_	_	_	_	_	_	words@dmp1958m#@dmp1958m#249.699#249.955
14	по...	_	_	_	_	_	_	_	words@dmp1958m#@dmp1958m#249.955#250.211
15	/	_	_	_	_	_	_	_	words@dmp1958m#@dmp1958m#250.211#250.467
16	й...	_	_	_	_	_	_	_	words@dmp1958m#@dmp1958m#250.467#250.723
17	я	_	_	_	_	_	_	_	words@dmp1958m#@dmp1958m#250.723#250.979
18	как	_	_	_	_	_	_	_	words@dmp1958m#@dmp1958m#250.979#251.235
19	ток	_	_	_	_	_	_	_	words@dmp1958m#@dmp1958m#251.235#251.491
20	вышел	_	_	_	_	_	_	_	words@dmp1958m#@dmp1958m#251.491#251.747
21	на	_	_	_	_	_	_	_	words@dmp1958m#@dmp1958m#251.747#252.003
22	пенсию	_	_	_	_	_	_	_	words@dmp1958m#@dmp1958m#252.003#252.259
23	/	_	_	_	_	_	_	_	words@dmp1958m#@dmp1958m#252.259#252.515
24	/	_	_	_	_	_	_	_	words@dmp1958m#@dmp1958m#252.515#252.771
25	я	_	_	_	_	_	_	_	words@dmp1958m#@dmp1958m#252.771#253.027
26	сказал	_	_	_	_	_	_	_	words@dmp1958m#@dmp1958m#253.027#253.283
27	/	_	_	_	_	_	_	_	words@dmp1958m#@dmp1958m#253.283#253.539
28	офь...	_	_	_	_	_	_	_	words@dmp1958m#@dmp1958m#253.539#253.795
29	не	_	_	_	_	_	_	_	words@dmp1958m#@dmp1958m#253.795#254.051
30	официально	_	_	_	_	_	_	_	words@dmp1958m#@dmp1958m#254.051#254.307
31	/	_	_	_	_	_	_	_	words@dmp1958m#@dmp1958m#254.307#254.563
32	а	_	_	_	_	_	_	_	words@dmp1958m#@dmp1958m#254.563#254.819
33	/	_	_	_	_	_	_	_	words@dmp1958m#@dmp1958m#254.819#255.075
34	ну	_	_	_	_	_	_	_	words@dmp1958m#@dmp1958m#255.075#255.331
35	вот	_	_	_	_	_	_	_	words@dmp1958m#@dmp1958m#255.331#255.587
36	как-бы	_	_	_	_	_	_	_	words@dmp1958m#@dmp1958m#255.587#255.843
37	/	_	_	_	_	_	_	_	words@dmp1958m#@dmp1958m#255.843#256.099
38	/	_	_	_	_	_	_	_	words@dmp1958m#@dmp1958m#256.099#256.355
39	граница	_	_	_	_	_	_	_	words@dmp1958m#@dmp1958m#256.355#256.611
40	/	_	_	_	_	_	_	_	words@dmp1958m#@dmp1958m#256.611#256.867
41	шестьдесят	_	_	_	_	_	_	_	words@dmp1958m#@dmp1958m#256.867#257.123
42	лет	_	_	_	_	_	_	_	words@dmp1958m#@dmp1958m#257.123#257.379
43	исполнилось	_	_	_	_	_	_	_	words@dmp1958m#@dmp1958m#257.379#257.635
44	/	_	_	_	_	_	_	_	words@dmp1958m#@dmp1958m#257.635#257.891
45	/	_	_	_	_	_	_	_	words@dmp1958m#@dmp1958m#257.891#258.147
46	все	_	_	_	_	_	_	_	words@dmp1958m#@dmp1958m#258.147#258.403
47	равно	_	_	_	_	_	_	_	words@dmp1958m#@dmp1958m#258.403#258.659
48	же	_	_	_	_	_	_	_	words@dmp1958m#@dmp1958m#258.659#258.915
49	работаешь	_	_	_	_	_	_	_	words@dmp1958m#@dmp1958m#258.915#259.171
50	как	_	_	_	_	_	_	_	words@dmp1958m#@dmp1958m#259.171#259.427
51	бы	_	_	_	_	_	_	_	words@dmp1958m#@dmp1958m#259.427#259.683
52	/	_	_	_	_	_	_	_	words@dmp1958m#@dmp1958m#259.683#259.939
53	/	_	_	_	_	_	_	_	words@dmp1958m#@dmp1958m#259.939#260.195
54	аа	_	_	_	_	_	_	_	words@dmp1958m#@dmp1958m#260.195#260.451
55	/	_	_	_	_	_	_	_	words@dmp1958m#@dmp1958m#260.451#260.707
56	/	_	_	_	_	_	_	_	words@dmp1958m#@dmp1958m#260.707#260.963
57	и	_	_	_	_	_	_	_	words@dmp1958m#@dmp1958m#260.963#261.219
58	я	_	_	_	_	_	_	_	words@dmp1958m#@dmp1958m#261.219#261.475
59	сказал	_	_	_	_	_	_	_	words@dmp1958m#@dmp1958m#261.475#261.731
60	/	_	_	_	_	_	_	_	words@dmp1958m#@dmp1958m#261.731#261.987
61	хватит	_	_	_	_	_	_	_	words@dmp1958m#@dmp1958m#261.987#262.243
62	/	_	_	_	_	_	_	_	words@dmp1958m#@dmp1958m#262.243#262.499
63	вот	_	_	_	_	_	_	_	words@dmp1958m#@dmp1958m#262.499#262.755
64	этой	_	_	_	_	_	_	_	words@dmp1958m#@dmp1958m#262.755#263.011
65	беготни	_	_	_	_	_	_	_	words@dmp1958m#@dmp1958m#263.011#263.267
66	/	_	_	_	_	_	_	_	words@dmp1958m#@dmp1958m#263.267#263.523
67	потому	_	_	_	_	_	_	_	words@dmp1958m#@dmp1958m#263.523#263.779
68	что	_	_	_	_	_	_	_	words@dmp1958m#@dmp1958m#263.779#264.035
69	работы	_	_	_	_	_	_	_	words@dmp1958m#@dmp1958m#264.035#264.291
70	было	_	_	_	_	_	_	_	words@dmp1958m#@dmp1958m#264.291#264.547
71	/	_	_	_	_	_	_	_	words@dmp1958m#@dmp1958m#264.547#264.803
72	много	_	_	_	_	_	_	_	words@dmp1958m#@dmp1958m#264.803#265.059
73	/	_	_	_	_	_	_	_	words@dmp1958m#@dmp1958m#265.059#265.315
74	это	_	_	_	_	_	_	_	words@dmp1958m#@dmp1958m#265.315#265.571
75	ни	_	_	_	_	_	_	_	words@dmp1958m#@dmp1958m#265.571#265.827
76	сказать	_	_	_	_	_	_	_	words@dmp1958m#@dmp1958m#265.827#266.083
77	ничего	_	_	_	_	_	_	_	words@dmp1958m#@dmp1958m#266.083#266.339
78	/	_	_	_	_	_	_	_	words@dmp1958m#@dmp1958m#266.339#266.595
79	/	_	_	_	_	_	_	_	words@dmp1958m#@dmp1958m#266.595#266.851
80	жизни	_	_	_	_	_	_	_	words@dmp1958m#@dmp1958m#266.851#267.107
81	не	_	_	_	_	_	_	_	words@dmp1958m#@dmp1958m#267.107#267.363
82	было	_	_	_	_	_	_	_	words@dmp1958m#@dmp1958m#267.363#267.619
83	/	_	_	_	_	_	_	_	words@dmp1958m#@dmp1958m#267.619#267.875
84	была	_	_	_	_	_	_	_	words@dmp1958m#@dmp1958m#267.875#268.131
85	работа	_	_	_	_	_	_	_	words@dmp1958m#@dmp1958m#268.131#268.387
86	/	_	_	_	_	_	_	_	words@dmp1958m#@dmp1958m#268.387#268.643
87	/	_	_	_	_	_	_	_	words@dmp1958m#@dmp1958m#268.643#268.899
88	и	_	_	_	_	_	_	_	words@dmp1958m#@dmp1958m#268.899#269.155
89	вот	_	_	_	_	_	_	_	words@dmp1958m#@dmp1958m#269.155#269.411
90	/	_	_	_	_	_	_	_	words@dmp1958m#@dmp1958m#269.411#269.667
91	пенсия	_	_	_	_	_	_	_	words@dmp1958m#@dmp1958m#269.667#269.923
92	такой	_	_	_	_	_	_	_	words@dmp1958m#@dmp1958m#269.923#270.179
93	водораздел	_	_	_	_	_	_	_	words@dmp1958m#@dmp1958m#270.179#270.435
94	такой	_	_	_	_	_	_	_	words@dmp1958m#@dmp1958m#270.435#270.691
95	произошел	_	_	_	_	_	_	_	words@dmp1958m#@dmp1958m#270.691#270.947
96	/	_	_	_	_	_	_	_	words@dmp1958m#@dmp1958m#270.947#271.203
97	я	_	_	_	_	_	_	_	words@dmp1958m#@dmp1958m#271.203#271.459
98	сказал	_	_	_	_	_	_	_	words@dmp1958m#@dmp1958m#271.459#271.715
99	все	_	_	_	_	_	_	_	words@dmp1958m#@dmp1958m#271.715#271.971
100	/	_	_	_	_	_	_	_	words@dmp1958m#@dmp1958m#271.971#272.227
101	/	_	_	_	_	_	_	_	words@dmp1958m#@dmp1958m#272.227#272.483
102	теннис	_	_	_	_	_	_	_	words@dmp1958m#@dmp1958m#272.483#272.739
103	/	_	_	_	_	_	_	_	words@dmp1958m#@dmp1958m#272.739#272.995
104	собака	_	_	_	_	_	_	_	words@dmp1958m#@dmp1958m#272.995#273.251
105	/	_	_	_	_	_	_	_	words@dmp1958m#@dmp1958m#273.251#273.507
106	по	_	_	_	_	_	_	_	words@dmp1958m#@dmp1958m#273.507#273.763
107	три	_	_	_	_	_	_	_	words@dmp1958m#@dmp1958m#273.763#274.019
108	часа	_	_	_	_	_	_	_	words@dmp1958m#@dmp1958m#274.019#274.275
109	гулять	_	_	_	_	_	_	_	words@dmp1958m#@dmp1958m#274.275#274.531
110	/	_	_	_	_	_	_	_	words@dmp1958m#@dmp1958m#274.531#274.787
111	ну	_	_	_	_	_	_	_	words@dmp1958m#@dmp1958m#274.787#275.043
112	не	_	_	_	_	_	_	_	words@dmp1958m#@dmp1958m#275.043#275.299
113	по	_	_	_	_	_	_	_	words@dmp1958m#@dmp1958m#275.299#275.555
114	три	_	_	_	_	_	_	_	words@dmp1958m#@dmp1958m#275.555#275.811
115	это	_	_	_	_	_	_	_	words@dmp1958m#@dmp1958m#275.811#276.067
116	я	_	_	_	_	_	_	_	words@dmp1958m#@dmp1958m#276.067#276.323
117	наврал	_	_	_	_	_	_	_	words@dmp1958m#@dmp1958m#276.323#276.579
118	кнечн...	_	_	_	_	_	_	_	words@dmp1958m#@dmp1958m#276.579#276.835
119	/	_	_	_	_	_	_	_	words@dmp1958m#@dmp1958m#276.835#277.091
120	подольше	_	_	_	_	_	_	_	words@dmp1958m#@dmp1958m#277.091#277.347
121	с	_	_	_	_	_	_	_	words@dmp1958m#@dmp1958m#277.347#277.603
122	собакой	_	_	_	_	_	_	_	words@dmp1958m#@dmp1958m#277.603#277.859
123	/	_	_	_	_	_	_	_	words@dmp1958m#@dmp1958m#277.859#278.115
124	за	_	_	_	_	_	_	_	words@dmp1958m#@dmp1958m#278.115#278.371
125	город	_	_	_	_	_	_	_	words@dmp1958m#@dmp1958m#278.371#278.627
126	/	_	_	_	_	_	_	_	words@dmp1958m#@dmp1958m#278.627#278.883
127	/	_	_	_	_	_	_	_	words@dmp1958m#@dmp1958m#278.883#279.139
128	эээ	_	_	_	_	_	_	_	words@dmp1958m#@dmp1958m#279.139#279.395
129	/	_	_	_	_	_	_	_	words@dmp1958m#@dmp1958m#279.395#279.651
130	/	_	_	_	_	_	_	_	words@dmp1958m#@dmp1958m#279.651#279.907
131	ну	_	_	_	_	_	_	_	words@dmp1958m#@dmp1958m#279.907#280.163
132	вообще	_	_	_	_	_	_	_	words@dmp1958m#@dmp1958m#280.163#280.419
133	какая-то	_	_	_	_	_	_	_	words@dmp1958m#@dmp1958m#280.419#280.675
134	жизнь	_	_	_	_	_	_	_	words@dmp1958m#@dmp1958m#280.675#280.931
135	/	_	_	_	_	_	_	_	words@dmp1958m#@dmp1958m#280.931#281.187
136	/	_	_	_	_	_	_	_	words@dmp1958m#@dmp1958m#281.187#281.443
137	стал	_	_	_	_	_	_	_	words@dmp1958m#@dmp1958m#281.443#281.699
138	работать	_	_	_	_	_	_	_	words@dmp1958m#@dmp1958m#281.699#281.955
139	ну	_	_	_	_	_	_	_	words@dmp1958m#@dmp1958m#281.955#282.211
140	просто	_	_	_	_	_	_	_	words@dmp1958m#@dmp1958m#282.211#282.467
141	конкре...	_	_	_	_	_	_	_	words@dmp1958m#@dmp1958m#282.467#282.723
142	/	_	_	_	_	_	_	_	words@dmp1958m#@dmp1958m#282.723#282.979
143	коонкретно	_	_	_	_	_	_	_	words@dmp1958m#@dmp1958m#282.979#283.235
144	меньше	_	_	_	_	_	_	_	words@dmp1958m#@dmp1958m#283.235#283.491
145	/	_	_	_	_	_	_	_	words@dmp1958m#@dmp1958m#283.491#283.747
146	/	_	_	_	_	_	_	_	words@dmp1958m#@dmp1958m#283.747#284.02
147	да	_	_	_	_	_	_	_	words@dmp1958m#@dmp1958m#287.31#287.507
148	/	_	_	_	_	_	_	_	words@dmp1958m#@dmp1958m#287.507#287.704
149	да	_	_	_	_	_	_	_	words@dmp1958m#@dmp1958m#287.704#287.901
150	да	_	_	_	_	_	_	_	words@dmp1958m#@dmp1958m#287.901#288.098
151	/	_	_	_	_	_	_	_	words@dmp1958m#@dmp1958m#288.098#288.295
152	да	_	_	_	_	_	_	_	words@dmp1958m#@dmp1958m#288.295#288.492
153	/	_	_	_	_	_	_	_	words@dmp1958m#@dmp1958m#288.492#288.689
154	/	_	_	_	_	_	_	_	words@dmp1958m#@dmp1958m#288.689#288.89
155	ну	_	_	_	_	_	_	_	words@dmp1958m#@dmp1958m#297.19#297.436
156	/	_	_	_	_	_	_	_	words@dmp1958m#@dmp1958m#297.436#297.682
157	ээ	_	_	_	_	_	_	_	words@dmp1958m#@dmp1958m#297.682#297.928
158	/	_	_	_	_	_	_	_	words@dmp1958m#@dmp1958m#297.928#298.174
159	/	_	_	_	_	_	_	_	words@dmp1958m#@dmp1958m#298.174#298.42
160	во-первых	_	_	_	_	_	_	_	words@dmp1958m#@dmp1958m#298.42#298.666
161	приходилось	_	_	_	_	_	_	_	words@dmp1958m#@dmp1958m#298.666#298.912
162	химичить	_	_	_	_	_	_	_	words@dmp1958m#@dmp1958m#298.912#299.158
163	/	_	_	_	_	_	_	_	words@dmp1958m#@dmp1958m#299.158#299.404
164	эээ	_	_	_	_	_	_	_	words@dmp1958m#@dmp1958m#299.404#299.65
165	/	_	_	_	_	_	_	_	words@dmp1958m#@dmp1958m#299.65#299.896
166	/	_	_	_	_	_	_	_	words@dmp1958m#@dmp1958m#299.896#300.142
167	машина	_	_	_	_	_	_	_	words@dmp1958m#@dmp1958m#300.142#300.388
168	/	_	_	_	_	_	_	_	words@dmp1958m#@dmp1958m#300.388#300.634
169	метро	_	_	_	_	_	_	_	words@dmp1958m#@dmp1958m#300.634#300.88
170	/	_	_	_	_	_	_	_	words@dmp1958m#@dmp1958m#300.88#301.126
171	такси	_	_	_	_	_	_	_	words@dmp1958m#@dmp1958m#301.126#301.372
172	/	_	_	_	_	_	_	_	words@dmp1958m#@dmp1958m#301.372#301.618
173	/	_	_	_	_	_	_	_	words@dmp1958m#@dmp1958m#301.618#301.864
174	потому	_	_	_	_	_	_	_	words@dmp1958m#@dmp1958m#301.864#302.11
175	что	_	_	_	_	_	_	_	words@dmp1958m#@dmp1958m#302.11#302.356
176	чтоб	_	_	_	_	_	_	_	words@dmp1958m#@dmp1958m#302.356#302.602
177	успеть	_	_	_	_	_	_	_	words@dmp1958m#@dmp1958m#302.602#302.848
178	ну	_	_	_	_	_	_	_	words@dmp1958m#@dmp1958m#302.848#303.094
179	/	_	_	_	_	_	_	_	words@dmp1958m#@dmp1958m#303.094#303.34
180	тогда	_	_	_	_	_	_	_	words@dmp1958m#@dmp1958m#303.34#303.586
181	чуть	_	_	_	_	_	_	_	words@dmp1958m#@dmp1958m#303.586#303.832
182	попроще	_	_	_	_	_	_	_	words@dmp1958m#@dmp1958m#303.832#304.078
183	было	_	_	_	_	_	_	_	words@dmp1958m#@dmp1958m#304.078#304.324
184	/	_	_	_	_	_	_	_	words@dmp1958m#@dmp1958m#304.324#304.57
185	и	_	_	_	_	_	_	_	words@dmp1958m#@dmp1958m#304.57#304.816
186	все	_	_	_	_	_	_	_	words@dmp1958m#@dmp1958m#304.816#305.062
187	равно	_	_	_	_	_	_	_	words@dmp1958m#@dmp1958m#305.062#305.308
188	уже	_	_	_	_	_	_	_	words@dmp1958m#@dmp1958m#305.308#305.554
189	пробки	_	_	_	_	_	_	_	words@dmp1958m#@dmp1958m#305.554#305.8
190	эти	_	_	_	_	_	_	_	words@dmp1958m#@dmp1958m#305.8#306.046
191	возникали	_	_	_	_	_	_	_	words@dmp1958m#@dmp1958m#306.046#306.292
192	/	_	_	_	_	_	_	_	words@dmp1958m#@dmp1958m#306.292#306.538
193	/	_	_	_	_	_	_	_	words@dmp1958m#@dmp1958m#306.538#306.784
194	нуу	_	_	_	_	_	_	_	words@dmp1958m#@dmp1958m#306.784#307.03
195	на	_	_	_	_	_	_	_	words@dmp1958m#@dmp1958m#307.03#307.276
196	/	_	_	_	_	_	_	_	words@dmp1958m#@dmp1958m#307.276#307.522
197	если	_	_	_	_	_	_	_	words@dmp1958m#@dmp1958m#307.522#307.768
198	/	_	_	_	_	_	_	_	words@dmp1958m#@dmp1958m#307.768#308.014
199	говорить	_	_	_	_	_	_	_	words@dmp1958m#@dmp1958m#308.014#308.26
200	/	_	_	_	_	_	_	_	words@dmp1958m#@dmp1958m#308.26#308.506
201	нну	_	_	_	_	_	_	_	words@dmp1958m#@dmp1958m#308.506#308.752
202	пять	_	_	_	_	_	_	_	words@dmp1958m#@dmp1958m#308.752#308.998
203	/	_	_	_	_	_	_	_	words@dmp1958m#@dmp1958m#308.998#309.244
204	документалок	_	_	_	_	_	_	_	words@dmp1958m#@dmp1958m#309.244#309.49
205	в	_	_	_	_	_	_	_	words@dmp1958m#@dmp1958m#309.49#309.736
206	день	_	_	_	_	_	_	_	words@dmp1958m#@dmp1958m#309.736#309.982
207	/	_	_	_	_	_	_	_	words@dmp1958m#@dmp1958m#309.982#310.228
208	/	_	_	_	_	_	_	_	words@dmp1958m#@dmp1958m#310.228#310.474
209	в...	_	_	_	_	_	_	_	words@dmp1958m#@dmp1958m#310.474#310.72
210	вот	_	_	_	_	_	_	_	words@dmp1958m#@dmp1958m#310.72#310.966
211	я	_	_	_	_	_	_	_	words@dmp1958m#@dmp1958m#310.966#311.212
212	помню	_	_	_	_	_	_	_	words@dmp1958m#@dmp1958m#311.212#311.458
213	это	_	_	_	_	_	_	_	words@dmp1958m#@dmp1958m#311.458#311.704
214	происходило	_	_	_	_	_	_	_	words@dmp1958m#@dmp1958m#311.704#311.95
215	/	_	_	_	_	_	_	_	words@dmp1958m#@dmp1958m#311.95#312.196
216	причем	_	_	_	_	_	_	_	words@dmp1958m#@dmp1958m#312.196#312.442
217	/	_	_	_	_	_	_	_	words@dmp1958m#@dmp1958m#312.442#312.688
218	в	_	_	_	_	_	_	_	words@dmp1958m#@dmp1958m#312.688#312.934
219	разных	_	_	_	_	_	_	_	words@dmp1958m#@dmp1958m#312.934#313.18
220	местах	_	_	_	_	_	_	_	words@dmp1958m#@dmp1958m#313.18#313.426
221	/	_	_	_	_	_	_	_	words@dmp1958m#@dmp1958m#313.426#313.672
222	/	_	_	_	_	_	_	_	words@dmp1958m#@dmp1958m#313.672#313.918
223	счас	_	_	_	_	_	_	_	words@dmp1958m#@dmp1958m#313.918#314.164
224	вобщем	_	_	_	_	_	_	_	words@dmp1958m#@dmp1958m#314.164#314.41
225	когда	_	_	_	_	_	_	_	words@dmp1958m#@dmp1958m#314.41#314.656
226	/	_	_	_	_	_	_	_	words@dmp1958m#@dmp1958m#314.656#314.902
227	ну	_	_	_	_	_	_	_	words@dmp1958m#@dmp1958m#314.902#315.148
228	если	_	_	_	_	_	_	_	words@dmp1958m#@dmp1958m#315.148#315.394
229	в	_	_	_	_	_	_	_	words@dmp1958m#@dmp1958m#315.394#315.64
230	одной	_	_	_	_	_	_	_	words@dmp1958m#@dmp1958m#315.64#315.886
231	студии	_	_	_	_	_	_	_	words@dmp1958m#@dmp1958m#315.886#316.132
232	/	_	_	_	_	_	_	_	words@dmp1958m#@dmp1958m#316.132#316.378
233	ну	_	_	_	_	_	_	_	words@dmp1958m#@dmp1958m#316.378#316.624
234	ничего	_	_	_	_	_	_	_	words@dmp1958m#@dmp1958m#316.624#316.87
235	/	_	_	_	_	_	_	_	words@dmp1958m#@dmp1958m#316.87#317.116
236	а	_	_	_	_	_	_	_	words@dmp1958m#@dmp1958m#317.116#317.362
237	вот	_	_	_	_	_	_	_	words@dmp1958m#@dmp1958m#317.362#317.608
238	это	_	_	_	_	_	_	_	words@dmp1958m#@dmp1958m#317.608#317.854
239	вот	_	_	_	_	_	_	_	words@dmp1958m#@dmp1958m#317.854#318.1
240	я	_	_	_	_	_	_	_	words@dmp1958m#@dmp1958m#318.1#318.346
241	успевал	_	_	_	_	_	_	_	words@dmp1958m#@dmp1958m#318.346#318.592
242	/	_	_	_	_	_	_	_	words@dmp1958m#@dmp1958m#318.592#318.838
243	бегом	_	_	_	_	_	_	_	words@dmp1958m#@dmp1958m#318.838#319.084
244	!	_	_	_	_	_	_	_	words@dmp1958m#@dmp1958m#319.084#319.33
245	/	_	_	_	_	_	_	_	words@dmp1958m#@dmp1958m#319.33#319.576
246	/	_	_	_	_	_	_	_	words@dmp1958m#@dmp1958m#319.576#319.822
247	вот	_	_	_	_	_	_	_	words@dmp1958m#@dmp1958m#319.822#320.068
248	в	_	_	_	_	_	_	_	words@dmp1958m#@dmp1958m#320.068#320.314
249	прямом	_	_	_	_	_	_	_	words@dmp1958m#@dmp1958m#320.314#320.56
250	смысле	_	_	_	_	_	_	_	words@dmp1958m#@dmp1958m#320.56#320.806
251	/	_	_	_	_	_	_	_	words@dmp1958m#@dmp1958m#320.806#321.052
252	не	_	_	_	_	_	_	_	words@dmp1958m#@dmp1958m#321.052#321.298
253	не	_	_	_	_	_	_	_	words@dmp1958m#@dmp1958m#321.298#321.544
254	/	_	_	_	_	_	_	_	words@dmp1958m#@dmp1958m#321.544#321.79
255	по	_	_	_	_	_	_	_	words@dmp1958m#@dmp1958m#321.79#322.036
256	эскалатору	_	_	_	_	_	_	_	words@dmp1958m#@dmp1958m#322.036#322.282
257	бегом	_	_	_	_	_	_	_	words@dmp1958m#@dmp1958m#322.282#322.528
258	/	_	_	_	_	_	_	_	words@dmp1958m#@dmp1958m#322.528#322.774
259	здесь	_	_	_	_	_	_	_	words@dmp1958m#@dmp1958m#322.774#323.02
260	бегом	_	_	_	_	_	_	_	words@dmp1958m#@dmp1958m#323.02#323.266
261	/	_	_	_	_	_	_	_	words@dmp1958m#@dmp1958m#323.266#323.512
262	а-а-а	_	_	_	_	_	_	_	words@dmp1958m#@dmp1958m#323.512#323.758
263	/	_	_	_	_	_	_	_	words@dmp1958m#@dmp1958m#323.758#324.004
264	/	_	_	_	_	_	_	_	words@dmp1958m#@dmp1958m#324.004#324.25
265	без	_	_	_	_	_	_	_	words@dmp1958m#@dmp1958m#324.25#324.496
266	/	_	_	_	_	_	_	_	words@dmp1958m#@dmp1958m#324.496#324.742
267	ну	_	_	_	_	_	_	_	words@dmp1958m#@dmp1958m#324.742#324.988
268	успеваешь	_	_	_	_	_	_	_	words@dmp1958m#@dmp1958m#324.988#325.234
269	чего-то	_	_	_	_	_	_	_	words@dmp1958m#@dmp1958m#325.234#325.48
270	там	_	_	_	_	_	_	_	words@dmp1958m#@dmp1958m#325.48#325.726
271	на	_	_	_	_	_	_	_	words@dmp1958m#@dmp1958m#325.726#325.972
272	ходу	_	_	_	_	_	_	_	words@dmp1958m#@dmp1958m#325.972#326.218
273	в	_	_	_	_	_	_	_	words@dmp1958m#@dmp1958m#326.218#326.464
274	себя	_	_	_	_	_	_	_	words@dmp1958m#@dmp1958m#326.464#326.71
275	в	_	_	_	_	_	_	_	words@dmp1958m#@dmp1958m#326.71#326.956
276	метро	_	_	_	_	_	_	_	words@dmp1958m#@dmp1958m#326.956#327.202
277	закинуть	_	_	_	_	_	_	_	words@dmp1958m#@dmp1958m#327.202#327.448
278	/	_	_	_	_	_	_	_	words@dmp1958m#@dmp1958m#327.448#327.694
279	/	_	_	_	_	_	_	_	words@dmp1958m#@dmp1958m#327.694#327.94
280	ну	_	_	_	_	_	_	_	words@dmp1958m#@dmp1958m#327.94#328.186
281	/	_	_	_	_	_	_	_	words@dmp1958m#@dmp1958m#328.186#328.432
282	в...	_	_	_	_	_	_	_	words@dmp1958m#@dmp1958m#328.432#328.678
283	в...	_	_	_	_	_	_	_	words@dmp1958m#@dmp1958m#328.678#328.924
284	как...	_	_	_	_	_	_	_	words@dmp1958m#@dmp1958m#328.924#329.17
285	/	_	_	_	_	_	_	_	words@dmp1958m#@dmp1958m#329.17#329.416
286	ак...	_	_	_	_	_	_	_	words@dmp1958m#@dmp1958m#329.416#329.662
287	актер	_	_	_	_	_	_	_	words@dmp1958m#@dmp1958m#329.662#329.908
288	/	_	_	_	_	_	_	_	words@dmp1958m#@dmp1958m#329.908#330.154
289	он	_	_	_	_	_	_	_	words@dmp1958m#@dmp1958m#330.154#330.4
290	жадный	_	_	_	_	_	_	_	words@dmp1958m#@dmp1958m#330.4#330.646
291	/	_	_	_	_	_	_	_	words@dmp1958m#@dmp1958m#330.646#330.892
292	он	_	_	_	_	_	_	_	words@dmp1958m#@dmp1958m#330.892#331.138
293	не	_	_	_	_	_	_	_	words@dmp1958m#@dmp1958m#331.138#331.384
294	может	_	_	_	_	_	_	_	words@dmp1958m#@dmp1958m#331.384#331.63
295	отк...	_	_	_	_	_	_	_	words@dmp1958m#@dmp1958m#331.63#331.876
296	отка...	_	_	_	_	_	_	_	words@dmp1958m#@dmp1958m#331.876#332.122
297	/	_	_	_	_	_	_	_	words@dmp1958m#@dmp1958m#332.122#332.368
298	не	_	_	_	_	_	_	_	words@dmp1958m#@dmp1958m#332.368#332.614
299	только	_	_	_	_	_	_	_	words@dmp1958m#@dmp1958m#332.614#332.86
300	в	_	_	_	_	_	_	_	words@dmp1958m#@dmp1958m#332.86#333.106
301	этом	_	_	_	_	_	_	_	words@dmp1958m#@dmp1958m#333.106#333.352
302	смысле	_	_	_	_	_	_	_	words@dmp1958m#@dmp1958m#333.352#333.598
303	жадный	_	_	_	_	_	_	_	words@dmp1958m#@dmp1958m#333.598#333.844
304	/	_	_	_	_	_	_	_	words@dmp1958m#@dmp1958m#333.844#334.09
305	а	_	_	_	_	_	_	_	words@dmp1958m#@dmp1958m#334.09#334.336
306	вообще	_	_	_	_	_	_	_	words@dmp1958m#@dmp1958m#334.336#334.582
307	/	_	_	_	_	_	_	_	words@dmp1958m#@dmp1958m#334.582#334.828
308	работа	_	_	_	_	_	_	_	words@dmp1958m#@dmp1958m#334.828#335.074
309	/	_	_	_	_	_	_	_	words@dmp1958m#@dmp1958m#335.074#335.32
310	и	_	_	_	_	_	_	_	words@dmp1958m#@dmp1958m#335.32#335.566
311	хочется	_	_	_	_	_	_	_	words@dmp1958m#@dmp1958m#335.566#335.812
312	все	_	_	_	_	_	_	_	words@dmp1958m#@dmp1958m#335.812#336.058
313	успеть	_	_	_	_	_	_	_	words@dmp1958m#@dmp1958m#336.058#336.304
314	/	_	_	_	_	_	_	_	words@dmp1958m#@dmp1958m#336.304#336.55
315	/	_	_	_	_	_	_	_	words@dmp1958m#@dmp1958m#336.55#336.796
316	и	_	_	_	_	_	_	_	words@dmp1958m#@dmp1958m#336.796#337.042
317	/	_	_	_	_	_	_	_	words@dmp1958m#@dmp1958m#337.042#337.288
318	тогда	_	_	_	_	_	_	_	words@dmp1958m#@dmp1958m#337.288#337.534
319	силы	_	_	_	_	_	_	_	words@dmp1958m#@dmp1958m#337.534#337.78
320	позволяли	_	_	_	_	_	_	_	words@dmp1958m#@dmp1958m#337.78#338.026
321	еще	_	_	_	_	_	_	_	words@dmp1958m#@dmp1958m#338.026#338.272
322	/	_	_	_	_	_	_	_	words@dmp1958m#@dmp1958m#338.272#338.518
323	и	_	_	_	_	_	_	_	words@dmp1958m#@dmp1958m#338.518#338.764
324	вот	_	_	_	_	_	_	_	words@dmp1958m#@dmp1958m#338.764#339.01
325	/	_	_	_	_	_	_	_	words@dmp1958m#@dmp1958m#339.01#339.256
326	бегал	_	_	_	_	_	_	_	words@dmp1958m#@dmp1958m#339.256#339.502
327	/	_	_	_	_	_	_	_	words@dmp1958m#@dmp1958m#339.502#339.748
328	/	_	_	_	_	_	_	_	words@dmp1958m#@dmp1958m#339.748#340.01
329	не	_	_	_	_	_	_	_	words@dmp1958m#@dmp1958m#348.66#348.846
330	/	_	_	_	_	_	_	_	words@dmp1958m#@dmp1958m#348.846#349.032
331	нь...	_	_	_	_	_	_	_	words@dmp1958m#@dmp1958m#349.032#349.218
332	/	_	_	_	_	_	_	_	words@dmp1958m#@dmp1958m#349.218#349.404
333	ритуалов	_	_	_	_	_	_	_	words@dmp1958m#@dmp1958m#349.404#349.59
334	нет	_	_	_	_	_	_	_	words@dmp1958m#@dmp1958m#349.59#349.776
335	/	_	_	_	_	_	_	_	words@dmp1958m#@dmp1958m#349.776#349.962
336	но	_	_	_	_	_	_	_	words@dmp1958m#@dmp1958m#349.962#350.148
337	вот	_	_	_	_	_	_	_	words@dmp1958m#@dmp1958m#350.148#350.334
338	/	_	_	_	_	_	_	_	words@dmp1958m#@dmp1958m#350.334#350.52
339	/	_	_	_	_	_	_	_	words@dmp1958m#@dmp1958m#350.52#350.706
340	ъуъ	_	_	_	_	_	_	_	words@dmp1958m#@dmp1958m#350.706#350.892
341	у	_	_	_	_	_	_	_	words@dmp1958m#@dmp1958m#350.892#351.078
342	меня	_	_	_	_	_	_	_	words@dmp1958m#@dmp1958m#351.078#351.264
343	бандана	_	_	_	_	_	_	_	words@dmp1958m#@dmp1958m#351.264#351.45
344	есть	_	_	_	_	_	_	_	words@dmp1958m#@dmp1958m#351.45#351.636
345	например	_	_	_	_	_	_	_	words@dmp1958m#@dmp1958m#351.636#351.822
346	/	_	_	_	_	_	_	_	words@dmp1958m#@dmp1958m#351.822#352.008
347	я	_	_	_	_	_	_	_	words@dmp1958m#@dmp1958m#352.008#352.194
348	/	_	_	_	_	_	_	_	words@dmp1958m#@dmp1958m#352.194#352.38
349	я	_	_	_	_	_	_	_	words@dmp1958m#@dmp1958m#352.38#352.566
350	всегда	_	_	_	_	_	_	_	words@dmp1958m#@dmp1958m#352.566#352.752
351	в	_	_	_	_	_	_	_	words@dmp1958m#@dmp1958m#352.752#352.938
352	бандане	_	_	_	_	_	_	_	words@dmp1958m#@dmp1958m#352.938#353.124
353	/	_	_	_	_	_	_	_	words@dmp1958m#@dmp1958m#353.124#353.31
354	/	_	_	_	_	_	_	_	words@dmp1958m#@dmp1958m#353.31#353.496
355	счас	_	_	_	_	_	_	_	words@dmp1958m#@dmp1958m#353.496#353.682
356	забыл	_	_	_	_	_	_	_	words@dmp1958m#@dmp1958m#353.682#353.868
357	надеть	_	_	_	_	_	_	_	words@dmp1958m#@dmp1958m#353.868#354.054
358	/	_	_	_	_	_	_	_	words@dmp1958m#@dmp1958m#354.054#354.24
359	но	_	_	_	_	_	_	_	words@dmp1958m#@dmp1958m#354.24#354.426
360	я	_	_	_	_	_	_	_	words@dmp1958m#@dmp1958m#354.426#354.612
361	надену	_	_	_	_	_	_	_	words@dmp1958m#@dmp1958m#354.612#354.798
362	/	_	_	_	_	_	_	_	words@dmp1958m#@dmp1958m#354.798#354.984
363	/	_	_	_	_	_	_	_	words@dmp1958m#@dmp1958m#354.984#355.17
364	счас	_	_	_	_	_	_	_	words@dmp1958m#@dmp1958m#355.17#355.356
365	будем	_	_	_	_	_	_	_	words@dmp1958m#@dmp1958m#355.356#355.542
366	озвучивать	_	_	_	_	_	_	_	words@dmp1958m#@dmp1958m#355.542#355.728
367	/	_	_	_	_	_	_	_	words@dmp1958m#@dmp1958m#355.728#355.914
368	я	_	_	_	_	_	_	_	words@dmp1958m#@dmp1958m#355.914#356.1
369	ее	_	_	_	_	_	_	_	words@dmp1958m#@dmp1958m#356.1#356.286
370	обязательно	_	_	_	_	_	_	_	words@dmp1958m#@dmp1958m#356.286#356.472
371	/	_	_	_	_	_	_	_	words@dmp1958m#@dmp1958m#356.472#356.658
372	это	_	_	_	_	_	_	_	words@dmp1958m#@dmp1958m#356.658#356.844
373	/	_	_	_	_	_	_	_	words@dmp1958m#@dmp1958m#356.844#357.03
374	ритуал	_	_	_	_	_	_	_	words@dmp1958m#@dmp1958m#357.03#357.216
375	/	_	_	_	_	_	_	_	words@dmp1958m#@dmp1958m#357.216#357.402
376	/	_	_	_	_	_	_	_	words@dmp1958m#@dmp1958m#357.402#357.588
377	я	_	_	_	_	_	_	_	words@dmp1958m#@dmp1958m#357.588#357.774
378	покажу	_	_	_	_	_	_	_	words@dmp1958m#@dmp1958m#357.774#357.96
379	что	_	_	_	_	_	_	_	words@dmp1958m#@dmp1958m#357.96#358.146
380	я	_	_	_	_	_	_	_	words@dmp1958m#@dmp1958m#358.146#358.332
381	не	_	_	_	_	_	_	_	words@dmp1958m#@dmp1958m#358.332#358.518
382	вру	_	_	_	_	_	_	_	words@dmp1958m#@dmp1958m#358.518#358.704
383	/	_	_	_	_	_	_	_	words@dmp1958m#@dmp1958m#358.704#358.89
384	вот	_	_	_	_	_	_	_	words@dmp1958m#@dmp1958m#358.89#359.076
385	она	_	_	_	_	_	_	_	words@dmp1958m#@dmp1958m#359.076#359.262
386	/	_	_	_	_	_	_	_	words@dmp1958m#@dmp1958m#359.262#359.448
387	она	_	_	_	_	_	_	_	words@dmp1958m#@dmp1958m#359.448#359.634
388	всегда	_	_	_	_	_	_	_	words@dmp1958m#@dmp1958m#359.634#359.82
389	со	_	_	_	_	_	_	_	words@dmp1958m#@dmp1958m#359.82#360.006
390	мной	_	_	_	_	_	_	_	words@dmp1958m#@dmp1958m#360.006#360.192
391	/	_	_	_	_	_	_	_	words@dmp1958m#@dmp1958m#360.192#360.378
392	/	_	_	_	_	_	_	_	words@dmp1958m#@dmp1958m#360.378#360.61
393	д	_	_	_	_	_	_	_	words@dmp1958m#@dmp1958m#363.0#363.128
394	не	_	_	_	_	_	_	_	words@dmp1958m#@dmp1958m#363.128#363.256
395	/	_	_	_	_	_	_	_	words@dmp1958m#@dmp1958m#363.256#363.384
396	мне	_	_	_	_	_	_	_	words@dmp1958m#@dmp1958m#363.384#363.512
397	кто-то	_	_	_	_	_	_	_	words@dmp1958m#@dmp1958m#363.512#363.64
398	сказал	_	_	_	_	_	_	_	words@dmp1958m#@dmp1958m#363.64#363.768
399	/	_	_	_	_	_	_	_	words@dmp1958m#@dmp1958m#363.768#363.896
400	он	_	_	_	_	_	_	_	words@dmp1958m#@dmp1958m#363.896#364.024
401	говорит	_	_	_	_	_	_	_	words@dmp1958m#@dmp1958m#364.024#364.152
402	/	_	_	_	_	_	_	_	words@dmp1958m#@dmp1958m#364.152#364.28
403	а	_	_	_	_	_	_	_	words@dmp1958m#@dmp1958m#364.28#364.408
404	тебе	_	_	_	_	_	_	_	words@dmp1958m#@dmp1958m#364.408#364.536
405	в	_	_	_	_	_	_	_	words@dmp1958m#@dmp1958m#364.536#364.664
406	ней	_	_	_	_	_	_	_	words@dmp1958m#@dmp1958m#364.664#364.792
407	хорошо	_	_	_	_	_	_	_	words@dmp1958m#@dmp1958m#364.792#364.92
408	!	_	_	_	_	_	_	_	words@dmp1958m#@dmp1958m#364.92#365.048
409	/	_	_	_	_	_	_	_	words@dmp1958m#@dmp1958m#365.048#365.176
410	/	_	_	_	_	_	_	_	words@dmp1958m#@dmp1958m#365.176#365.304
411	я	_	_	_	_	_	_	_	words@dmp1958m#@dmp1958m#365.304#365.432
412	говорю	_	_	_	_	_	_	_	words@dmp1958m#@dmp1958m#365.432#365.56
413	/	_	_	_	_	_	_	_	words@dmp1958m#@dmp1958m#365.56#365.688
414	ну	_	_	_	_	_	_	_	words@dmp1958m#@dmp1958m#365.688#365.816
415	все	_	_	_	_	_	_	_	words@dmp1958m#@dmp1958m#365.816#365.944
416	/	_	_	_	_	_	_	_	words@dmp1958m#@dmp1958m#365.944#366.072
417	я	_	_	_	_	_	_	_	words@dmp1958m#@dmp1958m#366.072#366.2
418	в	_	_	_	_	_	_	_	words@dmp1958m#@dmp1958m#366.2#366.328
419	ней	_	_	_	_	_	_	_	words@dmp1958m#@dmp1958m#366.328#366.456
420	и	_	_	_	_	_	_	_	words@dmp1958m#@dmp1958m#366.456#366.584
421	буду	_	_	_	_	_	_	_	words@dmp1958m#@dmp1958m#366.584#366.712
422	/	_	_	_	_	_	_	_	words@dmp1958m#@dmp1958m#366.712#366.84
423	/	_	_	_	_	_	_	_	words@dmp1958m#@dmp1958m#366.84#366.98
424	ну	_	_	_	_	_	_	_	words@dmp1958m#@dmp1958m#368.18#368.431
425	не	_	_	_	_	_	_	_	words@dmp1958m#@dmp1958m#368.431#368.682
426	всегда	_	_	_	_	_	_	_	words@dmp1958m#@dmp1958m#368.682#368.933
427	/	_	_	_	_	_	_	_	words@dmp1958m#@dmp1958m#368.933#369.184
428	но	_	_	_	_	_	_	_	words@dmp1958m#@dmp1958m#369.184#369.435
429	ну	_	_	_	_	_	_	_	words@dmp1958m#@dmp1958m#369.435#369.686
430	/	_	_	_	_	_	_	_	words@dmp1958m#@dmp1958m#369.686#369.937
431	част...	_	_	_	_	_	_	_	words@dmp1958m#@dmp1958m#369.937#370.188
432	часто	_	_	_	_	_	_	_	words@dmp1958m#@dmp1958m#370.188#370.439
433	/	_	_	_	_	_	_	_	words@dmp1958m#@dmp1958m#370.439#370.69
434	бандана	_	_	_	_	_	_	_	words@dmp1958m#@dmp1958m#370.69#370.941
435	часто	_	_	_	_	_	_	_	words@dmp1958m#@dmp1958m#370.941#371.192
436	/	_	_	_	_	_	_	_	words@dmp1958m#@dmp1958m#371.192#371.443
437	/	_	_	_	_	_	_	_	words@dmp1958m#@dmp1958m#371.443#371.7
438	п...	_	_	_	_	_	_	_	words@dmp1958m#@dmp1958m#372.08#372.285
439	пр...	_	_	_	_	_	_	_	words@dmp1958m#@dmp1958m#372.285#372.49
440	прост...	_	_	_	_	_	_	_	words@dmp1958m#@dmp1958m#372.49#372.695
441	/	_	_	_	_	_	_	_	words@dmp1958m#@dmp1958m#372.695#372.9
442	/	_	_	_	_	_	_	_	words@dmp1958m#@dmp1958m#372.9#373.105
443	нет	_	_	_	_	_	_	_	words@dmp1958m#@dmp1958m#373.105#373.31
444	/	_	_	_	_	_	_	_	words@dmp1958m#@dmp1958m#373.31#373.515
445	/	_	_	_	_	_	_	_	words@dmp1958m#@dmp1958m#373.515#373.72
446	но	_	_	_	_	_	_	_	words@dmp1958m#@dmp1958m#373.72#373.925
447	знаешь	_	_	_	_	_	_	_	words@dmp1958m#@dmp1958m#373.925#374.13
448	я	_	_	_	_	_	_	_	words@dmp1958m#@dmp1958m#374.13#374.335
449	иногда	_	_	_	_	_	_	_	words@dmp1958m#@dmp1958m#374.335#374.54
450	/	_	_	_	_	_	_	_	words@dmp1958m#@dmp1958m#374.54#374.745
451	вот	_	_	_	_	_	_	_	words@dmp1958m#@dmp1958m#374.745#374.95
452	/	_	_	_	_	_	_	_	words@dmp1958m#@dmp1958m#374.95#375.155
453	/	_	_	_	_	_	_	_	words@dmp1958m#@dmp1958m#375.155#375.36
454	играю	_	_	_	_	_	_	_	words@dmp1958m#@dmp1958m#375.36#375.565
455	когда	_	_	_	_	_	_	_	words@dmp1958m#@dmp1958m#375.565#375.77
456	/	_	_	_	_	_	_	_	words@dmp1958m#@dmp1958m#375.77#375.975
457	в	_	_	_	_	_	_	_	words@dmp1958m#@dmp1958m#375.975#376.18
458	в	_	_	_	_	_	_	_	words@dmp1958m#@dmp1958m#376.18#376.385
459	футбол	_	_	_	_	_	_	_	words@dmp1958m#@dmp1958m#376.385#376.59
460	там	_	_	_	_	_	_	_	words@dmp1958m#@dmp1958m#376.59#376.795
461	или	_	_	_	_	_	_	_	words@dmp1958m#@dmp1958m#376.795#377.0
462	в	_	_	_	_	_	_	_	words@dmp1958m#@dmp1958m#377.0#377.205
463	теннис	_	_	_	_	_	_	_	words@dmp1958m#@dmp1958m#377.205#377.41
464	/	_	_	_	_	_	_	_	words@dmp1958m#@dmp1958m#377.41#377.615
465	/	_	_	_	_	_	_	_	words@dmp1958m#@dmp1958m#377.615#377.82
466	а	_	_	_	_	_	_	_	words@dmp1958m#@dmp1958m#377.82#378.025
467	вот	_	_	_	_	_	_	_	words@dmp1958m#@dmp1958m#378.025#378.23
468	тоже	_	_	_	_	_	_	_	words@dmp1958m#@dmp1958m#378.23#378.435
469	/	_	_	_	_	_	_	_	words@dmp1958m#@dmp1958m#378.435#378.64
470	ну	_	_	_	_	_	_	_	words@dmp1958m#@dmp1958m#378.64#378.845
471	по...	_	_	_	_	_	_	_	words@dmp1958m#@dmp1958m#378.845#379.05
472	/	_	_	_	_	_	_	_	words@dmp1958m#@dmp1958m#379.05#379.255
473	уже	_	_	_	_	_	_	_	words@dmp1958m#@dmp1958m#379.255#379.46
474	тем	_	_	_	_	_	_	_	words@dmp1958m#@dmp1958m#379.46#379.665
475	более	_	_	_	_	_	_	_	words@dmp1958m#@dmp1958m#379.665#379.87
476	она	_	_	_	_	_	_	_	words@dmp1958m#@dmp1958m#379.87#380.075
477	помогает	_	_	_	_	_	_	_	words@dmp1958m#@dmp1958m#380.075#380.28
478	в	_	_	_	_	_	_	_	words@dmp1958m#@dmp1958m#380.28#380.485
479	каком-то	_	_	_	_	_	_	_	words@dmp1958m#@dmp1958m#380.485#380.69
480	конкретному	_	_	_	_	_	_	_	words@dmp1958m#@dmp1958m#380.69#380.895
481	вот	_	_	_	_	_	_	_	words@dmp1958m#@dmp1958m#380.895#381.1
482	/	_	_	_	_	_	_	_	words@dmp1958m#@dmp1958m#381.1#381.305
483	чтоб	_	_	_	_	_	_	_	words@dmp1958m#@dmp1958m#381.305#381.51
484	не	_	_	_	_	_	_	_	words@dmp1958m#@dmp1958m#381.51#381.715
485	стек...	_	_	_	_	_	_	_	words@dmp1958m#@dmp1958m#381.715#381.92
486	/	_	_	_	_	_	_	_	words@dmp1958m#@dmp1958m#381.92#382.125
487	не	_	_	_	_	_	_	_	words@dmp1958m#@dmp1958m#382.125#382.33
488	стекал	_	_	_	_	_	_	_	words@dmp1958m#@dmp1958m#382.33#382.535
489	пот	_	_	_	_	_	_	_	words@dmp1958m#@dmp1958m#382.535#382.74
490	/	_	_	_	_	_	_	_	words@dmp1958m#@dmp1958m#382.74#382.945
491	/	_	_	_	_	_	_	_	words@dmp1958m#@dmp1958m#382.945#383.15
492	я	_	_	_	_	_	_	_	words@dmp1958m#@dmp1958m#383.15#383.355
493	говорю	_	_	_	_	_	_	_	words@dmp1958m#@dmp1958m#383.355#383.56
494	/	_	_	_	_	_	_	_	words@dmp1958m#@dmp1958m#383.56#383.765
495	я	_	_	_	_	_	_	_	words@dmp1958m#@dmp1958m#383.765#383.97
496	ж	_	_	_	_	_	_	_	words@dmp1958m#@dmp1958m#383.97#384.175
497	бандану	_	_	_	_	_	_	_	words@dmp1958m#@dmp1958m#384.175#384.38
498	забыл	_	_	_	_	_	_	_	words@dmp1958m#@dmp1958m#384.38#384.585
499	надеть	_	_	_	_	_	_	_	words@dmp1958m#@dmp1958m#384.585#384.79
500	!	_	_	_	_	_	_	_	words@dmp1958m#@dmp1958m#384.79#384.995
501	/	_	_	_	_	_	_	_	words@dmp1958m#@dmp1958m#384.995#385.2
502	поэтому	_	_	_	_	_	_	_	words@dmp1958m#@dmp1958m#385.2#385.405
503	я	_	_	_	_	_	_	_	words@dmp1958m#@dmp1958m#385.405#385.61
504	в	_	_	_	_	_	_	_	words@dmp1958m#@dmp1958m#385.61#385.815
505	свои	_	_	_	_	_	_	_	words@dmp1958m#@dmp1958m#385.815#386.02
506	ворота	_	_	_	_	_	_	_	words@dmp1958m#@dmp1958m#386.02#386.225
507	десять	_	_	_	_	_	_	_	words@dmp1958m#@dmp1958m#386.225#386.43
508	штук	_	_	_	_	_	_	_	words@dmp1958m#@dmp1958m#386.43#386.635
509	забил	_	_	_	_	_	_	_	words@dmp1958m#@dmp1958m#386.635#386.84
510	/	_	_	_	_	_	_	_	words@dmp1958m#@dmp1958m#386.84#387.045
511	счас	_	_	_	_	_	_	_	words@dmp1958m#@dmp1958m#387.045#387.25
512	надену	_	_	_	_	_	_	_	words@dmp1958m#@dmp1958m#387.25#387.455
513	и	_	_	_	_	_	_	_	words@dmp1958m#@dmp1958m#387.455#387.66
514	/	_	_	_	_	_	_	_	words@dmp1958m#@dmp1958m#387.66#387.865
515	начну	_	_	_	_	_	_	_	words@dmp1958m#@dmp1958m#387.865#388.07
516	забивать	_	_	_	_	_	_	_	words@dmp1958m#@dmp1958m#388.07#388.275
517	туда	_	_	_	_	_	_	_	words@dmp1958m#@dmp1958m#388.275#388.48
518	/	_	_	_	_	_	_	_	words@dmp1958m#@dmp1958m#388.48#388.685
519	/	_	_	_	_	_	_	_	words@dmp1958m#@dmp1958m#388.685#388.89
520	ну	_	_	_	_	_	_	_	words@dmp1958m#@dmp1958m#388.89#389.095
521	/	_	_	_	_	_	_	_	words@dmp1958m#@dmp1958m#389.095#389.3
522	это	_	_	_	_	_	_	_	words@dmp1958m#@dmp1958m#389.3#389.505
523	конечн...	_	_	_	_	_	_	_	words@dmp1958m#@dmp1958m#389.505#389.71
524	/	_	_	_	_	_	_	_	words@dmp1958m#@dmp1958m#389.71#389.915
525	конечно	_	_	_	_	_	_	_	words@dmp1958m#@dmp1958m#389.915#390.12
526	нет	_	_	_	_	_	_	_	words@dmp1958m#@dmp1958m#390.12#390.325
527	/	_	_	_	_	_	_	_	words@dmp1958m#@dmp1958m#390.325#390.53
528	/	_	_	_	_	_	_	_	words@dmp1958m#@dmp1958m#390.53#390.81
529	мы	_	_	_	_	_	_	_	words@dmp1958m#@dmp1958m#390.9#391.189
530	шобирались	_	_	_	_	_	_	_	words@dmp1958m#@dmp1958m#391.189#391.478
531	отрепетировать	_	_	_	_	_	_	_	words@dmp1958m#@dmp1958m#391.478#391.767
532	номер	_	_	_	_	_	_	_	words@dmp1958m#@dmp1958m#391.767#392.056
533	для	_	_	_	_	_	_	_	words@dmp1958m#@dmp1958m#392.056#392.345
534	Мэвис	_	_	_	_	_	_	_	words@dmp1958m#@dmp1958m#392.345#392.634
535	/	_	_	_	_	_	_	_	words@dmp1958m#@dmp1958m#392.634#392.923
536	а	_	_	_	_	_	_	_	words@dmp1958m#@dmp1958m#392.923#393.212
537	эти	_	_	_	_	_	_	_	words@dmp1958m#@dmp1958m#393.212#393.501
538	лузеры	_	_	_	_	_	_	_	words@dmp1958m#@dmp1958m#393.501#393.79
539	заняли	_	_	_	_	_	_	_	words@dmp1958m#@dmp1958m#393.79#394.079
540	всю	_	_	_	_	_	_	_	words@dmp1958m#@dmp1958m#394.079#394.368
541	сцену	_	_	_	_	_	_	_	words@dmp1958m#@dmp1958m#394.368#394.657
542	!	_	_	_	_	_	_	_	words@dmp1958m#@dmp1958m#394.657#394.946
543	/	_	_	_	_	_	_	_	words@dmp1958m#@dmp1958m#394.946#395.235
544	/	_	_	_	_	_	_	_	words@dmp1958m#@dmp1958m#395.235#395.53
545	да	_	_	_	_	_	_	_	words@dmp1958m#@dmp1958m#397.88#397.983
546	/	_	_	_	_	_	_	_	words@dmp1958m#@dmp1958m#397.983#398.086
547	/	_	_	_	_	_	_	_	words@dmp1958m#@dmp1958m#398.086#398.19
548	да	_	_	_	_	_	_	_	words@dmp1958m#@dmp1958m#402.9#403.15
549	/	_	_	_	_	_	_	_	words@dmp1958m#@dmp1958m#403.15#403.4
550	он	_	_	_	_	_	_	_	words@dmp1958m#@dmp1958m#403.4#403.65
551	инструктор	_	_	_	_	_	_	_	words@dmp1958m#@dmp1958m#403.65#403.9
552	экстремального	_	_	_	_	_	_	_	words@dmp1958m#@dmp1958m#403.9#404.15
553	вождения	_	_	_	_	_	_	_	words@dmp1958m#@dmp1958m#404.15#404.4
554	/	_	_	_	_	_	_	_	words@dmp1958m#@dmp1958m#404.4#404.65
555	/	_	_	_	_	_	_	_	words@dmp1958m#@dmp1958m#404.65#404.9
556	это	_	_	_	_	_	_	_	words@dmp1958m#@dmp1958m#404.9#405.15
557	/	_	_	_	_	_	_	_	words@dmp1958m#@dmp1958m#405.15#405.4
558	/	_	_	_	_	_	_	_	words@dmp1958m#@dmp1958m#405.4#405.65
559	во	_	_	_	_	_	_	_	words@dmp1958m#@dmp1958m#405.65#405.9
560	вот	_	_	_	_	_	_	_	words@dmp1958m#@dmp1958m#405.9#406.15
561	то	_	_	_	_	_	_	_	words@dmp1958m#@dmp1958m#406.15#406.4
562	что	_	_	_	_	_	_	_	words@dmp1958m#@dmp1958m#406.4#406.65
563	я	_	_	_	_	_	_	_	words@dmp1958m#@dmp1958m#406.65#406.9
564	щас	_	_	_	_	_	_	_	words@dmp1958m#@dmp1958m#406.9#407.15
565	рассказал	_	_	_	_	_	_	_	words@dmp1958m#@dmp1958m#407.15#407.4
566	что	_	_	_	_	_	_	_	words@dmp1958m#@dmp1958m#407.4#407.65
567	я	_	_	_	_	_	_	_	words@dmp1958m#@dmp1958m#407.65#407.9
568	где	_	_	_	_	_	_	_	words@dmp1958m#@dmp1958m#407.9#408.15
569	то	_	_	_	_	_	_	_	words@dmp1958m#@dmp1958m#408.15#408.4
570	бегаю	_	_	_	_	_	_	_	words@dmp1958m#@dmp1958m#408.4#408.65
571	и	_	_	_	_	_	_	_	words@dmp1958m#@dmp1958m#408.65#408.9
572	у	_	_	_	_	_	_	_	words@dmp1958m#@dmp1958m#408.9#409.15
573	меня	_	_	_	_	_	_	_	words@dmp1958m#@dmp1958m#409.15#409.4
574	перегрузки	_	_	_	_	_	_	_	words@dmp1958m#@dmp1958m#409.4#409.65
575	типа	_	_	_	_	_	_	_	words@dmp1958m#@dmp1958m#409.65#409.9
576	/	_	_	_	_	_	_	_	words@dmp1958m#@dmp1958m#409.9#410.15
577	это	_	_	_	_	_	_	_	words@dmp1958m#@dmp1958m#410.15#410.4
578	/	_	_	_	_	_	_	_	words@dmp1958m#@dmp1958m#410.4#410.65
579	ммм	_	_	_	_	_	_	_	words@dmp1958m#@dmp1958m#410.65#410.9
580	/	_	_	_	_	_	_	_	words@dmp1958m#@dmp1958m#410.9#411.15
581	не	_	_	_	_	_	_	_	words@dmp1958m#@dmp1958m#411.15#411.4
582	сказать	_	_	_	_	_	_	_	words@dmp1958m#@dmp1958m#411.4#411.65
583	ничего	_	_	_	_	_	_	_	words@dmp1958m#@dmp1958m#411.65#411.9
584	/	_	_	_	_	_	_	_	words@dmp1958m#@dmp1958m#411.9#412.15
585	потому	_	_	_	_	_	_	_	words@dmp1958m#@dmp1958m#412.15#412.4
586	что	_	_	_	_	_	_	_	words@dmp1958m#@dmp1958m#412.4#412.65
587	я	_	_	_	_	_	_	_	words@dmp1958m#@dmp1958m#412.65#412.9
588	приезжал	_	_	_	_	_	_	_	words@dmp1958m#@dmp1958m#412.9#413.15
589	к	_	_	_	_	_	_	_	words@dmp1958m#@dmp1958m#413.15#413.4
590	нему	_	_	_	_	_	_	_	words@dmp1958m#@dmp1958m#413.4#413.65
591	на	_	_	_	_	_	_	_	words@dmp1958m#@dmp1958m#413.65#413.9
592	работу	_	_	_	_	_	_	_	words@dmp1958m#@dmp1958m#413.9#414.15
593	/	_	_	_	_	_	_	_	words@dmp1958m#@dmp1958m#414.15#414.4
594	/	_	_	_	_	_	_	_	words@dmp1958m#@dmp1958m#414.4#414.65
595	аааа	_	_	_	_	_	_	_	words@dmp1958m#@dmp1958m#414.65#414.9
596	/	_	_	_	_	_	_	_	words@dmp1958m#@dmp1958m#414.9#415.15
597	/	_	_	_	_	_	_	_	words@dmp1958m#@dmp1958m#415.15#415.4
598	перегрузки	_	_	_	_	_	_	_	words@dmp1958m#@dmp1958m#415.4#415.65
599	там	_	_	_	_	_	_	_	words@dmp1958m#@dmp1958m#415.65#415.9
600	/	_	_	_	_	_	_	_	words@dmp1958m#@dmp1958m#415.9#416.15
601	/	_	_	_	_	_	_	_	words@dmp1958m#@dmp1958m#416.15#416.4
602	он	_	_	_	_	_	_	_	words@dmp1958m#@dmp1958m#416.4#416.65
603	закончил	_	_	_	_	_	_	_	words@dmp1958m#@dmp1958m#416.65#416.9
604	ГИТИС	_	_	_	_	_	_	_	words@dmp1958m#@dmp1958m#416.9#417.15
605	/	_	_	_	_	_	_	_	words@dmp1958m#@dmp1958m#417.15#417.4
606	принес	_	_	_	_	_	_	_	words@dmp1958m#@dmp1958m#417.4#417.65
607	маме	_	_	_	_	_	_	_	words@dmp1958m#@dmp1958m#417.65#417.9
608	и	_	_	_	_	_	_	_	words@dmp1958m#@dmp1958m#417.9#418.15
609	/	_	_	_	_	_	_	_	words@dmp1958m#@dmp1958m#418.15#418.4
610	и	_	_	_	_	_	_	_	words@dmp1958m#@dmp1958m#418.4#418.65
611	папе	_	_	_	_	_	_	_	words@dmp1958m#@dmp1958m#418.65#418.9
612	/	_	_	_	_	_	_	_	words@dmp1958m#@dmp1958m#418.9#419.15
613	э	_	_	_	_	_	_	_	words@dmp1958m#@dmp1958m#419.15#419.4
614	диплом	_	_	_	_	_	_	_	words@dmp1958m#@dmp1958m#419.4#419.65
615	/	_	_	_	_	_	_	_	words@dmp1958m#@dmp1958m#419.65#419.9
616	сказал	_	_	_	_	_	_	_	words@dmp1958m#@dmp1958m#419.9#420.15
617	/	_	_	_	_	_	_	_	words@dmp1958m#@dmp1958m#420.15#420.4
618	вот	_	_	_	_	_	_	_	words@dmp1958m#@dmp1958m#420.4#420.65
619	вам	_	_	_	_	_	_	_	words@dmp1958m#@dmp1958m#420.65#420.9
620	дип...	_	_	_	_	_	_	_	words@dmp1958m#@dmp1958m#420.9#421.15
621	/	_	_	_	_	_	_	_	words@dmp1958m#@dmp1958m#421.15#421.4
622	/	_	_	_	_	_	_	_	words@dmp1958m#@dmp1958m#421.4#421.65
623	ну	_	_	_	_	_	_	_	words@dmp1958m#@dmp1958m#421.65#421.9
624	он	_	_	_	_	_	_	_	words@dmp1958m#@dmp1958m#421.9#422.15
625	ГИТИС	_	_	_	_	_	_	_	words@dmp1958m#@dmp1958m#422.15#422.4
626	не	_	_	_	_	_	_	_	words@dmp1958m#@dmp1958m#422.4#422.65
627	актерский	_	_	_	_	_	_	_	words@dmp1958m#@dmp1958m#422.65#422.9
628	заканчивал	_	_	_	_	_	_	_	words@dmp1958m#@dmp1958m#422.9#423.15
629	/	_	_	_	_	_	_	_	words@dmp1958m#@dmp1958m#423.15#423.4
630	он	_	_	_	_	_	_	_	words@dmp1958m#@dmp1958m#423.4#423.65
631	заканчивал	_	_	_	_	_	_	_	words@dmp1958m#@dmp1958m#423.65#423.9
632	продюссерский	_	_	_	_	_	_	_	words@dmp1958m#@dmp1958m#423.9#424.15
633	ГИТИС	_	_	_	_	_	_	_	words@dmp1958m#@dmp1958m#424.15#424.4
634	/	_	_	_	_	_	_	_	words@dmp1958m#@dmp1958m#424.4#424.65
635	/	_	_	_	_	_	_	_	words@dmp1958m#@dmp1958m#424.65#424.9
636	принес	_	_	_	_	_	_	_	words@dmp1958m#@dmp1958m#424.9#425.15
637	диплом	_	_	_	_	_	_	_	words@dmp1958m#@dmp1958m#425.15#425.4
638	/	_	_	_	_	_	_	_	words@dmp1958m#@dmp1958m#425.4#425.65
639	сказал	_	_	_	_	_	_	_	words@dmp1958m#@dmp1958m#425.65#425.9
640	/	_	_	_	_	_	_	_	words@dmp1958m#@dmp1958m#425.9#426.15
641	вот	_	_	_	_	_	_	_	words@dmp1958m#@dmp1958m#426.15#426.4
642	вам	_	_	_	_	_	_	_	words@dmp1958m#@dmp1958m#426.4#426.65
643	/	_	_	_	_	_	_	_	words@dmp1958m#@dmp1958m#426.65#426.9
644	высшее	_	_	_	_	_	_	_	words@dmp1958m#@dmp1958m#426.9#427.15
645	образование	_	_	_	_	_	_	_	words@dmp1958m#@dmp1958m#427.15#427.4
646	/	_	_	_	_	_	_	_	words@dmp1958m#@dmp1958m#427.4#427.65
647	а	_	_	_	_	_	_	_	words@dmp1958m#@dmp1958m#427.65#427.9
648	теперь	_	_	_	_	_	_	_	words@dmp1958m#@dmp1958m#427.9#428.15
649	я	_	_	_	_	_	_	_	words@dmp1958m#@dmp1958m#428.15#428.4
650	пойду	_	_	_	_	_	_	_	words@dmp1958m#@dmp1958m#428.4#428.65
651	немножко	_	_	_	_	_	_	_	words@dmp1958m#@dmp1958m#428.65#428.9
652	в	_	_	_	_	_	_	_	words@dmp1958m#@dmp1958m#428.9#429.15
653	другой	_	_	_	_	_	_	_	words@dmp1958m#@dmp1958m#429.15#429.4
654	/	_	_	_	_	_	_	_	words@dmp1958m#@dmp1958m#429.4#429.65
655	в	_	_	_	_	_	_	_	words@dmp1958m#@dmp1958m#429.65#429.9
656	другое	_	_	_	_	_	_	_	words@dmp1958m#@dmp1958m#429.9#430.15
657	/	_	_	_	_	_	_	_	words@dmp1958m#@dmp1958m#430.15#430.4
658	в	_	_	_	_	_	_	_	words@dmp1958m#@dmp1958m#430.4#430.65
659	другую	_	_	_	_	_	_	_	words@dmp1958m#@dmp1958m#430.65#430.9
660	область	_	_	_	_	_	_	_	words@dmp1958m#@dmp1958m#430.9#431.15
661	/	_	_	_	_	_	_	_	words@dmp1958m#@dmp1958m#431.15#431.4
662	в	_	_	_	_	_	_	_	words@dmp1958m#@dmp1958m#431.4#431.65
663	другой	_	_	_	_	_	_	_	words@dmp1958m#@dmp1958m#431.65#431.9
664	профиль	_	_	_	_	_	_	_	words@dmp1958m#@dmp1958m#431.9#432.15
665	/	_	_	_	_	_	_	_	words@dmp1958m#@dmp1958m#432.15#432.4
666	/	_	_	_	_	_	_	_	words@dmp1958m#@dmp1958m#432.4#432.65
667	он	_	_	_	_	_	_	_	words@dmp1958m#@dmp1958m#432.65#432.9
668	выиграл	_	_	_	_	_	_	_	words@dmp1958m#@dmp1958m#432.9#433.15
669	шоу	_	_	_	_	_	_	_	words@dmp1958m#@dmp1958m#433.15#433.4
670	"Гонщики"	_	_	_	_	_	_	_	words@dmp1958m#@dmp1958m#433.4#433.65
671	на	_	_	_	_	_	_	_	words@dmp1958m#@dmp1958m#433.65#433.9
672	канале	_	_	_	_	_	_	_	words@dmp1958m#@dmp1958m#433.9#434.15
673	/	_	_	_	_	_	_	_	words@dmp1958m#@dmp1958m#434.15#434.4
674	наа	_	_	_	_	_	_	_	words@dmp1958m#@dmp1958m#434.4#434.65
675	/	_	_	_	_	_	_	_	words@dmp1958m#@dmp1958m#434.65#434.9
676	"Пят..."	_	_	_	_	_	_	_	words@dmp1958m#@dmp1958m#434.9#435.15
677	?	_	_	_	_	_	_	_	words@dmp1958m#@dmp1958m#435.15#435.4
678	/	_	_	_	_	_	_	_	words@dmp1958m#@dmp1958m#435.4#435.65
679	ну	_	_	_	_	_	_	_	words@dmp1958m#@dmp1958m#435.65#435.9
680	я	_	_	_	_	_	_	_	words@dmp1958m#@dmp1958m#435.9#436.15
681	забыл	_	_	_	_	_	_	_	words@dmp1958m#@dmp1958m#436.15#436.4
682	на	_	_	_	_	_	_	_	words@dmp1958m#@dmp1958m#436.4#436.65
683	каком	_	_	_	_	_	_	_	words@dmp1958m#@dmp1958m#436.65#436.9
684	канале	_	_	_	_	_	_	_	words@dmp1958m#@dmp1958m#436.9#437.15
685	в	_	_	_	_	_	_	_	words@dmp1958m#@dmp1958m#437.15#437.4
686	общем	_	_	_	_	_	_	_	words@dmp1958m#@dmp1958m#437.4#437.65
687	понь...	_	_	_	_	_	_	_	words@dmp1958m#@dmp1958m#437.65#437.9
688	/	_	_	_	_	_	_	_	words@dmp1958m#@dmp1958m#437.9#438.15
689	/	_	_	_	_	_	_	_	words@dmp1958m#@dmp1958m#438.15#438.4
690	выиграл	_	_	_	_	_	_	_	words@dmp1958m#@dmp1958m#438.4#438.65
691	шоу	_	_	_	_	_	_	_	words@dmp1958m#@dmp1958m#438.65#438.9
692	/	_	_	_	_	_	_	_	words@dmp1958m#@dmp1958m#438.9#439.15
693	и	_	_	_	_	_	_	_	words@dmp1958m#@dmp1958m#439.15#439.4
694	после	_	_	_	_	_	_	_	words@dmp1958m#@dmp1958m#439.4#439.65
695	этого	_	_	_	_	_	_	_	words@dmp1958m#@dmp1958m#439.65#439.9
696	как-то	_	_	_	_	_	_	_	words@dmp1958m#@dmp1958m#439.9#440.15
697	вот	_	_	_	_	_	_	_	words@dmp1958m#@dmp1958m#440.15#440.4
698	так	_	_	_	_	_	_	_	words@dmp1958m#@dmp1958m#440.4#440.65
699	у	_	_	_	_	_	_	_	words@dmp1958m#@dmp1958m#440.65#440.9
700	него	_	_	_	_	_	_	_	words@dmp1958m#@dmp1958m#440.9#441.15
701	пошло	_	_	_	_	_	_	_	words@dmp1958m#@dmp1958m#441.15#441.4
702	пошло	_	_	_	_	_	_	_	words@dmp1958m#@dmp1958m#441.4#441.65
703	пошло	_	_	_	_	_	_	_	words@dmp1958m#@dmp1958m#441.65#441.9
704	/	_	_	_	_	_	_	_	words@dmp1958m#@dmp1958m#441.9#442.15
705	/	_	_	_	_	_	_	_	words@dmp1958m#@dmp1958m#442.15#442.4
706	перегрузки	_	_	_	_	_	_	_	words@dmp1958m#@dmp1958m#442.4#442.65
707	там	_	_	_	_	_	_	_	words@dmp1958m#@dmp1958m#442.65#442.9
708	страшные	_	_	_	_	_	_	_	words@dmp1958m#@dmp1958m#442.9#443.15
709	/	_	_	_	_	_	_	_	words@dmp1958m#@dmp1958m#443.15#443.4
710	потому	_	_	_	_	_	_	_	words@dmp1958m#@dmp1958m#443.4#443.65
711	что	_	_	_	_	_	_	_	words@dmp1958m#@dmp1958m#443.65#443.9
712	это	_	_	_	_	_	_	_	words@dmp1958m#@dmp1958m#443.9#444.15
713	тормоз	_	_	_	_	_	_	_	words@dmp1958m#@dmp1958m#444.15#444.4
714	/	_	_	_	_	_	_	_	words@dmp1958m#@dmp1958m#444.4#444.65
715	газ	_	_	_	_	_	_	_	words@dmp1958m#@dmp1958m#444.65#444.9
716	/	_	_	_	_	_	_	_	words@dmp1958m#@dmp1958m#444.9#445.15
717	тормоз	_	_	_	_	_	_	_	words@dmp1958m#@dmp1958m#445.15#445.4
718	/	_	_	_	_	_	_	_	words@dmp1958m#@dmp1958m#445.4#445.65
719	газ	_	_	_	_	_	_	_	words@dmp1958m#@dmp1958m#445.65#445.9
720	/	_	_	_	_	_	_	_	words@dmp1958m#@dmp1958m#445.9#446.15
721	/	_	_	_	_	_	_	_	words@dmp1958m#@dmp1958m#446.15#446.4
722	причем	_	_	_	_	_	_	_	words@dmp1958m#@dmp1958m#446.4#446.65
723	скорость	_	_	_	_	_	_	_	words@dmp1958m#@dmp1958m#446.65#446.9
724	/	_	_	_	_	_	_	_	words@dmp1958m#@dmp1958m#446.9#447.15
725	там	_	_	_	_	_	_	_	words@dmp1958m#@dmp1958m#447.15#447.4
726	машины	_	_	_	_	_	_	_	words@dmp1958m#@dmp1958m#447.4#447.65
727	очень	_	_	_	_	_	_	_	words@dmp1958m#@dmp1958m#447.65#447.9
728	мощные	_	_	_	_	_	_	_	words@dmp1958m#@dmp1958m#447.9#448.15
729	/	_	_	_	_	_	_	_	words@dmp1958m#@dmp1958m#448.15#448.4
730	пятьсот	_	_	_	_	_	_	_	words@dmp1958m#@dmp1958m#448.4#448.65
731	с	_	_	_	_	_	_	_	words@dmp1958m#@dmp1958m#448.65#448.9
732	лишним	_	_	_	_	_	_	_	words@dmp1958m#@dmp1958m#448.9#449.15
733	лошадей	_	_	_	_	_	_	_	words@dmp1958m#@dmp1958m#449.15#449.4
734	/	_	_	_	_	_	_	_	words@dmp1958m#@dmp1958m#449.4#449.65
735	/	_	_	_	_	_	_	_	words@dmp1958m#@dmp1958m#449.65#449.9
736	это	_	_	_	_	_	_	_	words@dmp1958m#@dmp1958m#449.9#450.15
737	я	_	_	_	_	_	_	_	words@dmp1958m#@dmp1958m#450.15#450.4
738	называю	_	_	_	_	_	_	_	words@dmp1958m#@dmp1958m#450.4#450.65
739	/	_	_	_	_	_	_	_	words@dmp1958m#@dmp1958m#450.65#450.9
740	т...	_	_	_	_	_	_	_	words@dmp1958m#@dmp1958m#450.9#451.15
741	назвал	_	_	_	_	_	_	_	words@dmp1958m#@dmp1958m#451.15#451.4
742	/	_	_	_	_	_	_	_	words@dmp1958m#@dmp1958m#451.4#451.65
743	/	_	_	_	_	_	_	_	words@dmp1958m#@dmp1958m#451.65#451.9
744	я	_	_	_	_	_	_	_	words@dmp1958m#@dmp1958m#451.9#452.15
745	когда	_	_	_	_	_	_	_	words@dmp1958m#@dmp1958m#452.15#452.4
746	услышал	_	_	_	_	_	_	_	words@dmp1958m#@dmp1958m#452.4#452.65
747	от	_	_	_	_	_	_	_	words@dmp1958m#@dmp1958m#452.65#452.9
748	этот	_	_	_	_	_	_	_	words@dmp1958m#@dmp1958m#452.9#453.15
749	звук	_	_	_	_	_	_	_	words@dmp1958m#@dmp1958m#453.15#453.4
750	моторов	_	_	_	_	_	_	_	words@dmp1958m#@dmp1958m#453.4#453.65
751	/	_	_	_	_	_	_	_	words@dmp1958m#@dmp1958m#453.65#453.9
752	это	_	_	_	_	_	_	_	words@dmp1958m#@dmp1958m#453.9#454.15
753	была	_	_	_	_	_	_	_	words@dmp1958m#@dmp1958m#454.15#454.4
754	такая	_	_	_	_	_	_	_	words@dmp1958m#@dmp1958m#454.4#454.65
755	/	_	_	_	_	_	_	_	words@dmp1958m#@dmp1958m#454.65#454.9
756	/	_	_	_	_	_	_	_	words@dmp1958m#@dmp1958m#454.9#455.15
757	симфония	_	_	_	_	_	_	_	words@dmp1958m#@dmp1958m#455.15#455.4
758	/	_	_	_	_	_	_	_	words@dmp1958m#@dmp1958m#455.4#455.65
759	/	_	_	_	_	_	_	_	words@dmp1958m#@dmp1958m#455.65#455.9
760	это	_	_	_	_	_	_	_	words@dmp1958m#@dmp1958m#455.9#456.15
761	было	_	_	_	_	_	_	_	words@dmp1958m#@dmp1958m#456.15#456.4
762	очень	_	_	_	_	_	_	_	words@dmp1958m#@dmp1958m#456.4#456.65
763	красиво	_	_	_	_	_	_	_	words@dmp1958m#@dmp1958m#456.65#456.9
764	/	_	_	_	_	_	_	_	words@dmp1958m#@dmp1958m#456.9#457.15
765	вот	_	_	_	_	_	_	_	words@dmp1958m#@dmp1958m#457.15#457.4
766	этот	_	_	_	_	_	_	_	words@dmp1958m#@dmp1958m#457.4#457.65
767	вот	_	_	_	_	_	_	_	words@dmp1958m#@dmp1958m#457.65#457.9
768	/	_	_	_	_	_	_	_	words@dmp1958m#@dmp1958m#457.9#458.15
769	когда	_	_	_	_	_	_	_	words@dmp1958m#@dmp1958m#458.15#458.4
770	/	_	_	_	_	_	_	_	words@dmp1958m#@dmp1958m#458.4#458.65
771	причем	_	_	_	_	_	_	_	words@dmp1958m#@dmp1958m#458.65#458.9
772	холостые	_	_	_	_	_	_	_	words@dmp1958m#@dmp1958m#458.9#459.15
773	/	_	_	_	_	_	_	_	words@dmp1958m#@dmp1958m#459.15#459.4
774	когда	_	_	_	_	_	_	_	words@dmp1958m#@dmp1958m#459.4#459.65
775	это	_	_	_	_	_	_	_	words@dmp1958m#@dmp1958m#459.65#459.9
776	/	_	_	_	_	_	_	_	words@dmp1958m#@dmp1958m#459.9#460.15
777	/	_	_	_	_	_	_	_	words@dmp1958m#@dmp1958m#460.15#460.4
778	#имитирует	_	_	_	_	_	_	_	words@dmp1958m#@dmp1958m#460.4#460.65
779	мотор#	_	_	_	_	_	_	_	words@dmp1958m#@dmp1958m#460.65#460.9
780	/	_	_	_	_	_	_	_	words@dmp1958m#@dmp1958m#460.9#461.15
781	/	_	_	_	_	_	_	_	words@dmp1958m#@dmp1958m#461.15#461.4
782	я	_	_	_	_	_	_	_	words@dmp1958m#@dmp1958m#461.4#461.65
783	плохо	_	_	_	_	_	_	_	words@dmp1958m#@dmp1958m#461.65#461.9
784	показал	_	_	_	_	_	_	_	words@dmp1958m#@dmp1958m#461.9#462.15
785	но	_	_	_	_	_	_	_	words@dmp1958m#@dmp1958m#462.15#462.4
786	/	_	_	_	_	_	_	_	words@dmp1958m#@dmp1958m#462.4#462.65
787	/	_	_	_	_	_	_	_	words@dmp1958m#@dmp1958m#462.65#462.9
788	это	_	_	_	_	_	_	_	words@dmp1958m#@dmp1958m#462.9#463.15
789	очень	_	_	_	_	_	_	_	words@dmp1958m#@dmp1958m#463.15#463.4
790	красиво	_	_	_	_	_	_	_	words@dmp1958m#@dmp1958m#463.4#463.65
791	/	_	_	_	_	_	_	_	words@dmp1958m#@dmp1958m#463.65#463.9
792	/	_	_	_	_	_	_	_	words@dmp1958m#@dmp1958m#463.9#464.2
793	он	_	_	_	_	_	_	_	words@dmp1958m#@dmp1958m#468.5#468.721
794	сказал	_	_	_	_	_	_	_	words@dmp1958m#@dmp1958m#468.721#468.942
795	что	_	_	_	_	_	_	_	words@dmp1958m#@dmp1958m#468.942#469.163
796	я	_	_	_	_	_	_	_	words@dmp1958m#@dmp1958m#469.163#469.384
797	виноват	_	_	_	_	_	_	_	words@dmp1958m#@dmp1958m#469.384#469.605
798	/	_	_	_	_	_	_	_	words@dmp1958m#@dmp1958m#469.605#469.826
799	птому	_	_	_	_	_	_	_	words@dmp1958m#@dmp1958m#469.826#470.047
800	что	_	_	_	_	_	_	_	words@dmp1958m#@dmp1958m#470.047#470.268
801	я	_	_	_	_	_	_	_	words@dmp1958m#@dmp1958m#470.268#470.489
802	не	_	_	_	_	_	_	_	words@dmp1958m#@dmp1958m#470.489#470.71
803	разглядел	_	_	_	_	_	_	_	words@dmp1958m#@dmp1958m#470.71#470.931
804	когда	_	_	_	_	_	_	_	words@dmp1958m#@dmp1958m#470.931#471.152
805	ему	_	_	_	_	_	_	_	words@dmp1958m#@dmp1958m#471.152#471.373
806	было	_	_	_	_	_	_	_	words@dmp1958m#@dmp1958m#471.373#471.594
807	пять	_	_	_	_	_	_	_	words@dmp1958m#@dmp1958m#471.594#471.815
808	лет	_	_	_	_	_	_	_	words@dmp1958m#@dmp1958m#471.815#472.036
809	/	_	_	_	_	_	_	_	words@dmp1958m#@dmp1958m#472.036#472.257
810	что	_	_	_	_	_	_	_	words@dmp1958m#@dmp1958m#472.257#472.478
811	его	_	_	_	_	_	_	_	words@dmp1958m#@dmp1958m#472.478#472.699
812	надо	_	_	_	_	_	_	_	words@dmp1958m#@dmp1958m#472.699#472.92
813	было	_	_	_	_	_	_	_	words@dmp1958m#@dmp1958m#472.92#473.141
814	отдавать	_	_	_	_	_	_	_	words@dmp1958m#@dmp1958m#473.141#473.362
815	в	_	_	_	_	_	_	_	words@dmp1958m#@dmp1958m#473.362#473.583
816	картинг	_	_	_	_	_	_	_	words@dmp1958m#@dmp1958m#473.583#473.804
817	/	_	_	_	_	_	_	_	words@dmp1958m#@dmp1958m#473.804#474.025
818	что	_	_	_	_	_	_	_	words@dmp1958m#@dmp1958m#474.025#474.246
819	я	_	_	_	_	_	_	_	words@dmp1958m#@dmp1958m#474.246#474.467
820	это	_	_	_	_	_	_	_	words@dmp1958m#@dmp1958m#474.467#474.688
821	не	_	_	_	_	_	_	_	words@dmp1958m#@dmp1958m#474.688#474.909
822	разглядел	_	_	_	_	_	_	_	words@dmp1958m#@dmp1958m#474.909#475.13
823	/	_	_	_	_	_	_	_	words@dmp1958m#@dmp1958m#475.13#475.351
824	/	_	_	_	_	_	_	_	words@dmp1958m#@dmp1958m#475.351#475.572
825	ии	_	_	_	_	_	_	_	words@dmp1958m#@dmp1958m#475.572#475.793
826	/	_	_	_	_	_	_	_	words@dmp1958m#@dmp1958m#475.793#476.014
827	/	_	_	_	_	_	_	_	words@dmp1958m#@dmp1958m#476.014#476.235
828	ну	_	_	_	_	_	_	_	words@dmp1958m#@dmp1958m#476.235#476.456
829	во	_	_	_	_	_	_	_	words@dmp1958m#@dmp1958m#476.456#476.677
830	всем	_	_	_	_	_	_	_	words@dmp1958m#@dmp1958m#476.677#476.898
831	виноват	_	_	_	_	_	_	_	words@dmp1958m#@dmp1958m#476.898#477.119
832	всегда	_	_	_	_	_	_	_	words@dmp1958m#@dmp1958m#477.119#477.34
833	/	_	_	_	_	_	_	_	words@dmp1958m#@dmp1958m#477.34#477.561
834	/	_	_	_	_	_	_	_	words@dmp1958m#@dmp1958m#477.561#477.782
835	не	_	_	_	_	_	_	_	words@dmp1958m#@dmp1958m#477.782#478.003
836	он	_	_	_	_	_	_	_	words@dmp1958m#@dmp1958m#478.003#478.224
837	же	_	_	_	_	_	_	_	words@dmp1958m#@dmp1958m#478.224#478.445
838	/	_	_	_	_	_	_	_	words@dmp1958m#@dmp1958m#478.445#478.666
839	а	_	_	_	_	_	_	_	words@dmp1958m#@dmp1958m#478.666#478.887
840	кто-то	_	_	_	_	_	_	_	words@dmp1958m#@dmp1958m#478.887#479.108
841	другой	_	_	_	_	_	_	_	words@dmp1958m#@dmp1958m#479.108#479.329
842	/	_	_	_	_	_	_	_	words@dmp1958m#@dmp1958m#479.329#479.55
843	/	_	_	_	_	_	_	_	words@dmp1958m#@dmp1958m#479.55#479.79
844	мой	_	_	_	_	_	_	_	words@dmp1958m#@dmp1958m#564.5#564.736
845	однокурсник	_	_	_	_	_	_	_	words@dmp1958m#@dmp1958m#564.736#564.972
846	/	_	_	_	_	_	_	_	words@dmp1958m#@dmp1958m#564.972#565.208
847	/	_	_	_	_	_	_	_	words@dmp1958m#@dmp1958m#565.208#565.444
848	четыре	_	_	_	_	_	_	_	words@dmp1958m#@dmp1958m#565.444#565.68
849	года	_	_	_	_	_	_	_	words@dmp1958m#@dmp1958m#565.68#565.916
850	ГИТИСА	_	_	_	_	_	_	_	words@dmp1958m#@dmp1958m#565.916#566.152
851	/	_	_	_	_	_	_	_	words@dmp1958m#@dmp1958m#566.152#566.388
852	/	_	_	_	_	_	_	_	words@dmp1958m#@dmp1958m#566.388#566.624
853	мы	_	_	_	_	_	_	_	words@dmp1958m#@dmp1958m#566.624#566.86
854	все	_	_	_	_	_	_	_	words@dmp1958m#@dmp1958m#566.86#567.096
855	время	_	_	_	_	_	_	_	words@dmp1958m#@dmp1958m#567.096#567.332
856	говорили	_	_	_	_	_	_	_	words@dmp1958m#@dmp1958m#567.332#567.568
857	/	_	_	_	_	_	_	_	words@dmp1958m#@dmp1958m#567.568#567.804
858	давай	_	_	_	_	_	_	_	words@dmp1958m#@dmp1958m#567.804#568.04
859	подеремся	_	_	_	_	_	_	_	words@dmp1958m#@dmp1958m#568.04#568.276
860	/	_	_	_	_	_	_	_	words@dmp1958m#@dmp1958m#568.276#568.512
861	/	_	_	_	_	_	_	_	words@dmp1958m#@dmp1958m#568.512#568.748
862	давай	_	_	_	_	_	_	_	words@dmp1958m#@dmp1958m#568.748#568.984
863	давай	_	_	_	_	_	_	_	words@dmp1958m#@dmp1958m#568.984#569.22
864	вот	_	_	_	_	_	_	_	words@dmp1958m#@dmp1958m#569.22#569.456
865	это	_	_	_	_	_	_	_	words@dmp1958m#@dmp1958m#569.456#569.692
866	/	_	_	_	_	_	_	_	words@dmp1958m#@dmp1958m#569.692#569.928
867	и	_	_	_	_	_	_	_	words@dmp1958m#@dmp1958m#569.928#570.164
868	мы	_	_	_	_	_	_	_	words@dmp1958m#@dmp1958m#570.164#570.4
869	начинали	_	_	_	_	_	_	_	words@dmp1958m#@dmp1958m#570.4#570.636
870	боро...	_	_	_	_	_	_	_	words@dmp1958m#@dmp1958m#570.636#570.872
871	боро...	_	_	_	_	_	_	_	words@dmp1958m#@dmp1958m#570.872#571.108
872	/	_	_	_	_	_	_	_	words@dmp1958m#@dmp1958m#571.108#571.344
873	нет	_	_	_	_	_	_	_	words@dmp1958m#@dmp1958m#571.344#571.58
874	по...	_	_	_	_	_	_	_	words@dmp1958m#@dmp1958m#571.58#571.816
875	/	_	_	_	_	_	_	_	words@dmp1958m#@dmp1958m#571.816#572.052
876	поборемся	_	_	_	_	_	_	_	words@dmp1958m#@dmp1958m#572.052#572.288
877	поборемся	_	_	_	_	_	_	_	words@dmp1958m#@dmp1958m#572.288#572.524
878	/	_	_	_	_	_	_	_	words@dmp1958m#@dmp1958m#572.524#572.76
879	/	_	_	_	_	_	_	_	words@dmp1958m#@dmp1958m#572.76#573.0
880	редко	_	_	_	_	_	_	_	words@dmp1958m#@dmp1958m#573.71#573.944
881	да	_	_	_	_	_	_	_	words@dmp1958m#@dmp1958m#573.944#574.178
882	/	_	_	_	_	_	_	_	words@dmp1958m#@dmp1958m#574.178#574.412
883	да	_	_	_	_	_	_	_	words@dmp1958m#@dmp1958m#574.412#574.646
884	/	_	_	_	_	_	_	_	words@dmp1958m#@dmp1958m#574.646#574.88
885	да	_	_	_	_	_	_	_	words@dmp1958m#@dmp1958m#574.88#575.114
886	/	_	_	_	_	_	_	_	words@dmp1958m#@dmp1958m#575.114#575.348
887	встречаемся	_	_	_	_	_	_	_	words@dmp1958m#@dmp1958m#575.348#575.582
888	/	_	_	_	_	_	_	_	words@dmp1958m#@dmp1958m#575.582#575.816
889	/	_	_	_	_	_	_	_	words@dmp1958m#@dmp1958m#575.816#576.05
890	в	_	_	_	_	_	_	_	words@dmp1958m#@dmp1958m#576.05#576.284
891	смысле	_	_	_	_	_	_	_	words@dmp1958m#@dmp1958m#576.284#576.518
892	помимо	_	_	_	_	_	_	_	words@dmp1958m#@dmp1958m#576.518#576.752
893	работы	_	_	_	_	_	_	_	words@dmp1958m#@dmp1958m#576.752#576.986
894	вот	_	_	_	_	_	_	_	words@dmp1958m#@dmp1958m#576.986#577.22
895	/	_	_	_	_	_	_	_	words@dmp1958m#@dmp1958m#577.22#577.454
896	пересекаемся	_	_	_	_	_	_	_	words@dmp1958m#@dmp1958m#577.454#577.688
897	/	_	_	_	_	_	_	_	words@dmp1958m#@dmp1958m#577.688#577.922
898	/	_	_	_	_	_	_	_	words@dmp1958m#@dmp1958m#577.922#578.156
899	Володь	_	_	_	_	_	_	_	words@dmp1958m#@dmp1958m#578.156#578.39
900	/	_	_	_	_	_	_	_	words@dmp1958m#@dmp1958m#578.39#578.624
901	здорово	_	_	_	_	_	_	_	words@dmp1958m#@dmp1958m#578.624#578.858
902	/	_	_	_	_	_	_	_	words@dmp1958m#@dmp1958m#578.858#579.092
903	привет	_	_	_	_	_	_	_	words@dmp1958m#@dmp1958m#579.092#579.326
904	/	_	_	_	_	_	_	_	words@dmp1958m#@dmp1958m#579.326#579.56
905	/	_	_	_	_	_	_	_	words@dmp1958m#@dmp1958m#579.56#579.805
906	у	_	_	_	_	_	_	_	words@dc1994m#@dc1994m#243.08#243.375
907	вас	_	_	_	_	_	_	_	words@dc1994m#@dc1994m#243.375#243.67
908	сейчас	_	_	_	_	_	_	_	words@dc1994m#@dc1994m#243.67#243.965
909	много	_	_	_	_	_	_	_	words@dc1994m#@dc1994m#243.965#244.26
910	свободного	_	_	_	_	_	_	_	words@dc1994m#@dc1994m#244.26#244.555
911	времени	_	_	_	_	_	_	_	words@dc1994m#@dc1994m#244.555#244.85
912	?	_	_	_	_	_	_	_	words@dc1994m#@dc1994m#244.85#245.145
913	/	_	_	_	_	_	_	_	words@dc1994m#@dc1994m#245.145#245.44
914	от	_	_	_	_	_	_	_	words@dc1994m#@dc1994m#245.44#245.735
915	работы	_	_	_	_	_	_	_	words@dc1994m#@dc1994m#245.735#246.03
916	/	_	_	_	_	_	_	_	words@dc1994m#@dc1994m#246.03#246.325
917	/	_	_	_	_	_	_	_	words@dc1994m#@dc1994m#246.325#246.63
918	то	_	_	_	_	_	_	_	words@dc1994m#@dc1994m#284.02#284.278
919	есть	_	_	_	_	_	_	_	words@dc1994m#@dc1994m#284.278#284.536
920	вы	_	_	_	_	_	_	_	words@dc1994m#@dc1994m#284.536#284.794
921	выбираете	_	_	_	_	_	_	_	words@dc1994m#@dc1994m#284.794#285.052
922	счас	_	_	_	_	_	_	_	words@dc1994m#@dc1994m#285.052#285.31
923	какие-то	_	_	_	_	_	_	_	words@dc1994m#@dc1994m#285.31#285.568
924	проекты	_	_	_	_	_	_	_	words@dc1994m#@dc1994m#285.568#285.826
925	/	_	_	_	_	_	_	_	words@dc1994m#@dc1994m#285.826#286.084
926	от	_	_	_	_	_	_	_	words@dc1994m#@dc1994m#286.084#286.342
927	чего-то	_	_	_	_	_	_	_	words@dc1994m#@dc1994m#286.342#286.6
928	отказываетесь	_	_	_	_	_	_	_	words@dc1994m#@dc1994m#286.6#286.858
929	/	_	_	_	_	_	_	_	words@dc1994m#@dc1994m#286.858#287.116
930	да	_	_	_	_	_	_	_	words@dc1994m#@dc1994m#287.116#287.374
931	/	_	_	_	_	_	_	_	words@dc1994m#@dc1994m#287.374#287.632
932	/	_	_	_	_	_	_	_	words@dc1994m#@dc1994m#287.632#287.89
933	выборочно	_	_	_	_	_	_	_	words@dc1994m#@dc1994m#287.89#288.148
934	/	_	_	_	_	_	_	_	words@dc1994m#@dc1994m#288.148#288.406
935	/	_	_	_	_	_	_	_	words@dc1994m#@dc1994m#288.406#288.664
936	а	_	_	_	_	_	_	_	words@dc1994m#@dc1994m#288.664#288.922
937	в	_	_	_	_	_	_	_	words@dc1994m#@dc1994m#288.922#289.18
938	пик	_	_	_	_	_	_	_	words@dc1994m#@dc1994m#289.18#289.438
939	вашей	_	_	_	_	_	_	_	words@dc1994m#@dc1994m#289.438#289.696
940	вот	_	_	_	_	_	_	_	words@dc1994m#@dc1994m#289.696#289.954
941	карьеры	_	_	_	_	_	_	_	words@dc1994m#@dc1994m#289.954#290.212
942	/	_	_	_	_	_	_	_	words@dc1994m#@dc1994m#290.212#290.47
943	да	_	_	_	_	_	_	_	words@dc1994m#@dc1994m#290.47#290.728
944	/	_	_	_	_	_	_	_	words@dc1994m#@dc1994m#290.728#290.986
945	когда	_	_	_	_	_	_	_	words@dc1994m#@dc1994m#290.986#291.244
946	вы	_	_	_	_	_	_	_	words@dc1994m#@dc1994m#291.244#291.502
947	бегали	_	_	_	_	_	_	_	words@dc1994m#@dc1994m#291.502#291.76
948	по	_	_	_	_	_	_	_	words@dc1994m#@dc1994m#291.76#292.018
949	студиям	_	_	_	_	_	_	_	words@dc1994m#@dc1994m#292.018#292.276
950	/	_	_	_	_	_	_	_	words@dc1994m#@dc1994m#292.276#292.534
951	сколько	_	_	_	_	_	_	_	words@dc1994m#@dc1994m#292.534#292.792
952	это	_	_	_	_	_	_	_	words@dc1994m#@dc1994m#292.792#293.05
953	могло	_	_	_	_	_	_	_	words@dc1994m#@dc1994m#293.05#293.308
954	быть	_	_	_	_	_	_	_	words@dc1994m#@dc1994m#293.308#293.566
955	/	_	_	_	_	_	_	_	words@dc1994m#@dc1994m#293.566#293.824
956	в	_	_	_	_	_	_	_	words@dc1994m#@dc1994m#293.824#294.082
957	день	_	_	_	_	_	_	_	words@dc1994m#@dc1994m#294.082#294.34
958	допустим	_	_	_	_	_	_	_	words@dc1994m#@dc1994m#294.34#294.598
959	/	_	_	_	_	_	_	_	words@dc1994m#@dc1994m#294.598#294.856
960	часов	_	_	_	_	_	_	_	words@dc1994m#@dc1994m#294.856#295.114
961	у	_	_	_	_	_	_	_	words@dc1994m#@dc1994m#295.114#295.372
962	микрофона	_	_	_	_	_	_	_	words@dc1994m#@dc1994m#295.372#295.63
963	или	_	_	_	_	_	_	_	words@dc1994m#@dc1994m#295.63#295.888
964	/	_	_	_	_	_	_	_	words@dc1994m#@dc1994m#295.888#296.146
965	студий	_	_	_	_	_	_	_	words@dc1994m#@dc1994m#296.146#296.404
966	?	_	_	_	_	_	_	_	words@dc1994m#@dc1994m#296.404#296.662
967	/	_	_	_	_	_	_	_	words@dc1994m#@dc1994m#296.662#296.92
968	/	_	_	_	_	_	_	_	words@dc1994m#@dc1994m#296.92#297.21
969	угу	_	_	_	_	_	_	_	words@dc1994m#@dc1994m#328.98#329.086
970	/	_	_	_	_	_	_	_	words@dc1994m#@dc1994m#329.086#329.192
971	/	_	_	_	_	_	_	_	words@dc1994m#@dc1994m#329.192#329.3
972	у	_	_	_	_	_	_	_	words@dc1994m#@dc1994m#340.01#340.237
973	вас	_	_	_	_	_	_	_	words@dc1994m#@dc1994m#340.237#340.464
974	есть	_	_	_	_	_	_	_	words@dc1994m#@dc1994m#340.464#340.691
975	какие-то	_	_	_	_	_	_	_	words@dc1994m#@dc1994m#340.691#340.918
976	/	_	_	_	_	_	_	_	words@dc1994m#@dc1994m#340.918#341.145
977	ритуалы	_	_	_	_	_	_	_	words@dc1994m#@dc1994m#341.145#341.372
978	перед	_	_	_	_	_	_	_	words@dc1994m#@dc1994m#341.372#341.599
979	записью	_	_	_	_	_	_	_	words@dc1994m#@dc1994m#341.599#341.826
980	?	_	_	_	_	_	_	_	words@dc1994m#@dc1994m#341.826#342.053
981	/	_	_	_	_	_	_	_	words@dc1994m#@dc1994m#342.053#342.28
982	/	_	_	_	_	_	_	_	words@dc1994m#@dc1994m#342.28#342.507
983	может	_	_	_	_	_	_	_	words@dc1994m#@dc1994m#342.507#342.734
984	быть	_	_	_	_	_	_	_	words@dc1994m#@dc1994m#342.734#342.961
985	/	_	_	_	_	_	_	_	words@dc1994m#@dc1994m#342.961#343.188
986	то	_	_	_	_	_	_	_	words@dc1994m#@dc1994m#343.188#343.415
987	что	_	_	_	_	_	_	_	words@dc1994m#@dc1994m#343.415#343.642
988	вы	_	_	_	_	_	_	_	words@dc1994m#@dc1994m#343.642#343.869
989	всегда	_	_	_	_	_	_	_	words@dc1994m#@dc1994m#343.869#344.096
990	делаете	_	_	_	_	_	_	_	words@dc1994m#@dc1994m#344.096#344.323
991	/	_	_	_	_	_	_	_	words@dc1994m#@dc1994m#344.323#344.55
992	либо	_	_	_	_	_	_	_	words@dc1994m#@dc1994m#344.55#344.777
993	/	_	_	_	_	_	_	_	words@dc1994m#@dc1994m#344.777#345.004
994	то	_	_	_	_	_	_	_	words@dc1994m#@dc1994m#345.004#345.231
995	что	_	_	_	_	_	_	_	words@dc1994m#@dc1994m#345.231#345.458
996	вы	_	_	_	_	_	_	_	words@dc1994m#@dc1994m#345.458#345.685
997	/	_	_	_	_	_	_	_	words@dc1994m#@dc1994m#345.685#345.912
998	не	_	_	_	_	_	_	_	words@dc1994m#@dc1994m#345.912#346.139
999	/	_	_	_	_	_	_	_	words@dc1994m#@dc1994m#346.139#346.366
1000	делаете	_	_	_	_	_	_	_	words@dc1994m#@dc1994m#346.366#346.593
1001	/	_	_	_	_	_	_	_	words@dc1994m#@dc1994m#346.593#346.82
1002	что-то	_	_	_	_	_	_	_	words@dc1994m#@dc1994m#346.82#347.047
1003	не	_	_	_	_	_	_	_	words@dc1994m#@dc1994m#347.047#347.274
1004	едите	_	_	_	_	_	_	_	words@dc1994m#@dc1994m#347.274#347.501
1005	/	_	_	_	_	_	_	_	words@dc1994m#@dc1994m#347.501#347.728
1006	или	_	_	_	_	_	_	_	words@dc1994m#@dc1994m#347.728#347.955
1007	там	_	_	_	_	_	_	_	words@dc1994m#@dc1994m#347.955#348.182
1008	/	_	_	_	_	_	_	_	words@dc1994m#@dc1994m#348.182#348.409
1009	/	_	_	_	_	_	_	_	words@dc1994m#@dc1994m#348.409#348.65
1010	так	_	_	_	_	_	_	_	words@dc1994m#@dc1994m#360.62#360.803
1011	/	_	_	_	_	_	_	_	words@dc1994m#@dc1994m#360.803#360.986
1012	а	_	_	_	_	_	_	_	words@dc1994m#@dc1994m#360.986#361.169
1013	расскажите	_	_	_	_	_	_	_	words@dc1994m#@dc1994m#361.169#361.352
1014	историю	_	_	_	_	_	_	_	words@dc1994m#@dc1994m#361.352#361.535
1015	/	_	_	_	_	_	_	_	words@dc1994m#@dc1994m#361.535#361.718
1016	/	_	_	_	_	_	_	_	words@dc1994m#@dc1994m#361.718#361.901
1017	с	_	_	_	_	_	_	_	words@dc1994m#@dc1994m#361.901#362.084
1018	ней	_	_	_	_	_	_	_	words@dc1994m#@dc1994m#362.084#362.267
1019	наверняка	_	_	_	_	_	_	_	words@dc1994m#@dc1994m#362.267#362.45
1020	как...	_	_	_	_	_	_	_	words@dc1994m#@dc1994m#362.45#362.633
1021	/	_	_	_	_	_	_	_	words@dc1994m#@dc1994m#362.633#362.816
1022	/	_	_	_	_	_	_	_	words@dc1994m#@dc1994m#362.816#363.01
1023	и	_	_	_	_	_	_	_	words@dc1994m#@dc1994m#366.98#367.131
1024	всегда	_	_	_	_	_	_	_	words@dc1994m#@dc1994m#367.131#367.282
1025	вы	_	_	_	_	_	_	_	words@dc1994m#@dc1994m#367.282#367.433
1026	пишете	_	_	_	_	_	_	_	words@dc1994m#@dc1994m#367.433#367.584
1027	в	_	_	_	_	_	_	_	words@dc1994m#@dc1994m#367.584#367.735
1028	бандане	_	_	_	_	_	_	_	words@dc1994m#@dc1994m#367.735#367.886
1029	/	_	_	_	_	_	_	_	words@dc1994m#@dc1994m#367.886#368.037
1030	/	_	_	_	_	_	_	_	words@dc1994m#@dc1994m#368.037#368.19
1031	помогает	_	_	_	_	_	_	_	words@dc1994m#@dc1994m#371.71#371.802
1032	?	_	_	_	_	_	_	_	words@dc1994m#@dc1994m#371.802#371.894
1033	/	_	_	_	_	_	_	_	words@dc1994m#@dc1994m#371.894#371.986
1034	/	_	_	_	_	_	_	_	words@dc1994m#@dc1994m#371.986#372.08
1035	ваш	_	_	_	_	_	_	_	words@dc1994m#@dc1994m#395.54#395.921
1036	сын	_	_	_	_	_	_	_	words@dc1994m#@dc1994m#395.921#396.302
1037	тоже	_	_	_	_	_	_	_	words@dc1994m#@dc1994m#396.302#396.683
1038	окончил	_	_	_	_	_	_	_	words@dc1994m#@dc1994m#396.683#397.064
1039	ГИТИС	_	_	_	_	_	_	_	words@dc1994m#@dc1994m#397.064#397.445
1040	/	_	_	_	_	_	_	_	words@dc1994m#@dc1994m#397.445#397.826
1041	/	_	_	_	_	_	_	_	words@dc1994m#@dc1994m#397.826#398.207
1042	но	_	_	_	_	_	_	_	words@dc1994m#@dc1994m#398.207#398.588
1043	/	_	_	_	_	_	_	_	words@dc1994m#@dc1994m#398.588#398.969
1044	насколько	_	_	_	_	_	_	_	words@dc1994m#@dc1994m#398.969#399.35
1045	я	_	_	_	_	_	_	_	words@dc1994m#@dc1994m#399.35#399.731
1046	знаю	_	_	_	_	_	_	_	words@dc1994m#@dc1994m#399.731#400.112
1047	он	_	_	_	_	_	_	_	words@dc1994m#@dc1994m#400.112#400.493
1048	/	_	_	_	_	_	_	_	words@dc1994m#@dc1994m#400.493#400.874
1049	занимается	_	_	_	_	_	_	_	words@dc1994m#@dc1994m#400.874#401.255
1050	автогонками	_	_	_	_	_	_	_	words@dc1994m#@dc1994m#401.255#401.636
1051	/	_	_	_	_	_	_	_	words@dc1994m#@dc1994m#401.636#402.017
1052	/	_	_	_	_	_	_	_	words@dc1994m#@dc1994m#402.017#402.41
1053	мм	_	_	_	_	_	_	_	words@dc1994m#@dc1994m#423.6#423.696
1054	/	_	_	_	_	_	_	_	words@dc1994m#@dc1994m#423.696#423.792
1055	/	_	_	_	_	_	_	_	words@dc1994m#@dc1994m#423.792#423.89
1056	а	_	_	_	_	_	_	_	words@dc1994m#@dc1994m#464.2#464.426
1057	почему	_	_	_	_	_	_	_	words@dc1994m#@dc1994m#464.426#464.652
1058	сразу	_	_	_	_	_	_	_	words@dc1994m#@dc1994m#464.652#464.878
1059	не	_	_	_	_	_	_	_	words@dc1994m#@dc1994m#464.878#465.104
1060	пошел	_	_	_	_	_	_	_	words@dc1994m#@dc1994m#465.104#465.33
1061	/	_	_	_	_	_	_	_	words@dc1994m#@dc1994m#465.33#465.556
1062	например	_	_	_	_	_	_	_	words@dc1994m#@dc1994m#465.556#465.782
1063	учиться	_	_	_	_	_	_	_	words@dc1994m#@dc1994m#465.782#466.008
1064	куда-то	_	_	_	_	_	_	_	words@dc1994m#@dc1994m#466.008#466.234
1065	/	_	_	_	_	_	_	_	words@dc1994m#@dc1994m#466.234#466.46
1066	т...	_	_	_	_	_	_	_	words@dc1994m#@dc1994m#466.46#466.686
1067	то	_	_	_	_	_	_	_	words@dc1994m#@dc1994m#466.686#466.912
1068	/	_	_	_	_	_	_	_	words@dc1994m#@dc1994m#466.912#467.138
1069	что	_	_	_	_	_	_	_	words@dc1994m#@dc1994m#467.138#467.364
1070	он	_	_	_	_	_	_	_	words@dc1994m#@dc1994m#467.364#467.59
1071	хотел	_	_	_	_	_	_	_	words@dc1994m#@dc1994m#467.59#467.816
1072	?	_	_	_	_	_	_	_	words@dc1994m#@dc1994m#467.816#468.042
1073	/	_	_	_	_	_	_	_	words@dc1994m#@dc1994m#468.042#468.268
1074	/	_	_	_	_	_	_	_	words@dc1994m#@dc1994m#468.268#468.5
1075	мое	_	_	_	_	_	_	_	words@dc1994m#@dc1994m#481.95#482.254
1076	субьекть...	_	_	_	_	_	_	_	words@dc1994m#@dc1994m#482.254#482.558
1077	/	_	_	_	_	_	_	_	words@dc1994m#@dc1994m#482.558#482.862
1078	субьективное	_	_	_	_	_	_	_	words@dc1994m#@dc1994m#482.862#483.166
1079	мнение	_	_	_	_	_	_	_	words@dc1994m#@dc1994m#483.166#483.47
1080	что	_	_	_	_	_	_	_	words@dc1994m#@dc1994m#483.47#483.774
1081	когда	_	_	_	_	_	_	_	words@dc1994m#@dc1994m#483.774#484.078
1082	/	_	_	_	_	_	_	_	words@dc1994m#@dc1994m#484.078#484.382
1083	ааа	_	_	_	_	_	_	_	words@dc1994m#@dc1994m#484.382#484.686
1084	/	_	_	_	_	_	_	_	words@dc1994m#@dc1994m#484.686#484.99
1085	смотришь	_	_	_	_	_	_	_	words@dc1994m#@dc1994m#484.99#485.294
1086	/	_	_	_	_	_	_	_	words@dc1994m#@dc1994m#485.294#485.598
1087	какой-то	_	_	_	_	_	_	_	words@dc1994m#@dc1994m#485.598#485.902
1088	фильм	_	_	_	_	_	_	_	words@dc1994m#@dc1994m#485.902#486.206
1089	/	_	_	_	_	_	_	_	words@dc1994m#@dc1994m#486.206#486.51
1090	/	_	_	_	_	_	_	_	words@dc1994m#@dc1994m#486.51#486.814
1091	особенно	_	_	_	_	_	_	_	words@dc1994m#@dc1994m#486.814#487.118
1092	с	_	_	_	_	_	_	_	words@dc1994m#@dc1994m#487.118#487.422
1093	какими-то	_	_	_	_	_	_	_	words@dc1994m#@dc1994m#487.422#487.726
1094	очень	_	_	_	_	_	_	_	words@dc1994m#@dc1994m#487.726#488.03
1095	популярными	_	_	_	_	_	_	_	words@dc1994m#@dc1994m#488.03#488.334
1096	актерами	_	_	_	_	_	_	_	words@dc1994m#@dc1994m#488.334#488.638
1097	/	_	_	_	_	_	_	_	words@dc1994m#@dc1994m#488.638#488.942
1098	/	_	_	_	_	_	_	_	words@dc1994m#@dc1994m#488.942#489.246
1099	эээ	_	_	_	_	_	_	_	words@dc1994m#@dc1994m#489.246#489.55
1100	/	_	_	_	_	_	_	_	words@dc1994m#@dc1994m#489.55#489.854
1101	и	_	_	_	_	_	_	_	words@dc1994m#@dc1994m#489.854#490.158
1102	не	_	_	_	_	_	_	_	words@dc1994m#@dc1994m#490.158#490.462
1103	выделяешь	_	_	_	_	_	_	_	words@dc1994m#@dc1994m#490.462#490.766
1104	аа	_	_	_	_	_	_	_	words@dc1994m#@dc1994m#490.766#491.07
1105	/	_	_	_	_	_	_	_	words@dc1994m#@dc1994m#491.07#491.374
1106	актера	_	_	_	_	_	_	_	words@dc1994m#@dc1994m#491.374#491.678
1107	который	_	_	_	_	_	_	_	words@dc1994m#@dc1994m#491.678#491.982
1108	/	_	_	_	_	_	_	_	words@dc1994m#@dc1994m#491.982#492.286
1109	находится	_	_	_	_	_	_	_	words@dc1994m#@dc1994m#492.286#492.59
1110	/	_	_	_	_	_	_	_	words@dc1994m#@dc1994m#492.59#492.894
1111	на	_	_	_	_	_	_	_	words@dc1994m#@dc1994m#492.894#493.198
1112	экране	_	_	_	_	_	_	_	words@dc1994m#@dc1994m#493.198#493.502
1113	и	_	_	_	_	_	_	_	words@dc1994m#@dc1994m#493.502#493.806
1114	актера	_	_	_	_	_	_	_	words@dc1994m#@dc1994m#493.806#494.11
1115	который	_	_	_	_	_	_	_	words@dc1994m#@dc1994m#494.11#494.414
1116	/	_	_	_	_	_	_	_	words@dc1994m#@dc1994m#494.414#494.718
1117	делает	_	_	_	_	_	_	_	words@dc1994m#@dc1994m#494.718#495.022
1118	закадровую	_	_	_	_	_	_	_	words@dc1994m#@dc1994m#495.022#495.326
1119	работу	_	_	_	_	_	_	_	words@dc1994m#@dc1994m#495.326#495.63
1120	/	_	_	_	_	_	_	_	words@dc1994m#@dc1994m#495.63#495.934
1121	/	_	_	_	_	_	_	_	words@dc1994m#@dc1994m#495.934#496.238
1122	то	_	_	_	_	_	_	_	words@dc1994m#@dc1994m#496.238#496.542
1123	есть	_	_	_	_	_	_	_	words@dc1994m#@dc1994m#496.542#496.846
1124	когда	_	_	_	_	_	_	_	words@dc1994m#@dc1994m#496.846#497.15
1125	они	_	_	_	_	_	_	_	words@dc1994m#@dc1994m#497.15#497.454
1126	с...	_	_	_	_	_	_	_	words@dc1994m#@dc1994m#497.454#497.758
1127	/	_	_	_	_	_	_	_	words@dc1994m#@dc1994m#497.758#498.062
1128	сплываются	_	_	_	_	_	_	_	words@dc1994m#@dc1994m#498.062#498.366
1129	в	_	_	_	_	_	_	_	words@dc1994m#@dc1994m#498.366#498.67
1130	одно	_	_	_	_	_	_	_	words@dc1994m#@dc1994m#498.67#498.974
1131	целое	_	_	_	_	_	_	_	words@dc1994m#@dc1994m#498.974#499.278
1132	/	_	_	_	_	_	_	_	words@dc1994m#@dc1994m#499.278#499.582
1133	/	_	_	_	_	_	_	_	words@dc1994m#@dc1994m#499.582#499.886
1134	м	_	_	_	_	_	_	_	words@dc1994m#@dc1994m#499.886#500.19
1135	/	_	_	_	_	_	_	_	words@dc1994m#@dc1994m#500.19#500.494
1136	это	_	_	_	_	_	_	_	words@dc1994m#@dc1994m#500.494#500.798
1137	/	_	_	_	_	_	_	_	words@dc1994m#@dc1994m#500.798#501.102
1138	идеальная	_	_	_	_	_	_	_	words@dc1994m#@dc1994m#501.102#501.406
1139	работа	_	_	_	_	_	_	_	words@dc1994m#@dc1994m#501.406#501.71
1140	/	_	_	_	_	_	_	_	words@dc1994m#@dc1994m#501.71#502.014
1141	того	_	_	_	_	_	_	_	words@dc1994m#@dc1994m#502.014#502.318
1142	человека	_	_	_	_	_	_	_	words@dc1994m#@dc1994m#502.318#502.622
1143	/	_	_	_	_	_	_	_	words@dc1994m#@dc1994m#502.622#502.926
1144	который	_	_	_	_	_	_	_	words@dc1994m#@dc1994m#502.926#503.23
1145	/	_	_	_	_	_	_	_	words@dc1994m#@dc1994m#503.23#503.534
1146	сидит	_	_	_	_	_	_	_	words@dc1994m#@dc1994m#503.534#503.838
1147	у	_	_	_	_	_	_	_	words@dc1994m#@dc1994m#503.838#504.142
1148	микрофона	_	_	_	_	_	_	_	words@dc1994m#@dc1994m#504.142#504.446
1149	/	_	_	_	_	_	_	_	words@dc1994m#@dc1994m#504.446#504.75
1150	/	_	_	_	_	_	_	_	words@dc1994m#@dc1994m#504.75#505.054
1151	так	_	_	_	_	_	_	_	words@dc1994m#@dc1994m#505.054#505.358
1152	вот	_	_	_	_	_	_	_	words@dc1994m#@dc1994m#505.358#505.662
1153	/	_	_	_	_	_	_	_	words@dc1994m#@dc1994m#505.662#505.966
1154	/	_	_	_	_	_	_	_	words@dc1994m#@dc1994m#505.966#506.27
1155	по	_	_	_	_	_	_	_	words@dc1994m#@dc1994m#506.27#506.574
1156	моему	_	_	_	_	_	_	_	words@dc1994m#@dc1994m#506.574#506.878
1157	мнению	_	_	_	_	_	_	_	words@dc1994m#@dc1994m#506.878#507.182
1158	/	_	_	_	_	_	_	_	words@dc1994m#@dc1994m#507.182#507.486
1159	у	_	_	_	_	_	_	_	words@dc1994m#@dc1994m#507.486#507.79
1160	вас	_	_	_	_	_	_	_	words@dc1994m#@dc1994m#507.79#508.094
1161	/	_	_	_	_	_	_	_	words@dc1994m#@dc1994m#508.094#508.398
1162	и	_	_	_	_	_	_	_	words@dc1994m#@dc1994m#508.398#508.702
1163	/	_	_	_	_	_	_	_	words@dc1994m#@dc1994m#508.702#509.006
1164	у	_	_	_	_	_	_	_	words@dc1994m#@dc1994m#509.006#509.31
1165	/	_	_	_	_	_	_	_	words@dc1994m#@dc1994m#509.31#509.614
1166	актера	_	_	_	_	_	_	_	words@dc1994m#@dc1994m#509.614#509.918
1167	/	_	_	_	_	_	_	_	words@dc1994m#@dc1994m#509.918#510.222
1168	которого	_	_	_	_	_	_	_	words@dc1994m#@dc1994m#510.222#510.526
1169	зовут	_	_	_	_	_	_	_	words@dc1994m#@dc1994m#510.526#510.83
1170	Вуди	_	_	_	_	_	_	_	words@dc1994m#@dc1994m#510.83#511.134
1171	Харрельсон	_	_	_	_	_	_	_	words@dc1994m#@dc1994m#511.134#511.438
1172	/	_	_	_	_	_	_	_	words@dc1994m#@dc1994m#511.438#511.742
1173	/	_	_	_	_	_	_	_	words@dc1994m#@dc1994m#511.742#512.046
1174	ну	_	_	_	_	_	_	_	words@dc1994m#@dc1994m#512.046#512.35
1175	просто	_	_	_	_	_	_	_	words@dc1994m#@dc1994m#512.35#512.654
1176	/	_	_	_	_	_	_	_	words@dc1994m#@dc1994m#512.654#512.958
1177	ну	_	_	_	_	_	_	_	words@dc1994m#@dc1994m#512.958#513.262
1178	сто	_	_	_	_	_	_	_	words@dc1994m#@dc1994m#513.262#513.566
1179	один	_	_	_	_	_	_	_	words@dc1994m#@dc1994m#513.566#513.87
1180	процент	_	_	_	_	_	_	_	words@dc1994m#@dc1994m#513.87#514.174
1181	попадания	_	_	_	_	_	_	_	words@dc1994m#@dc1994m#514.174#514.478
1182	/	_	_	_	_	_	_	_	words@dc1994m#@dc1994m#514.478#514.782
1183	/	_	_	_	_	_	_	_	words@dc1994m#@dc1994m#514.782#515.086
1184	то	_	_	_	_	_	_	_	words@dc1994m#@dc1994m#515.086#515.39
1185	есть	_	_	_	_	_	_	_	words@dc1994m#@dc1994m#515.39#515.694
1186	/	_	_	_	_	_	_	_	words@dc1994m#@dc1994m#515.694#515.998
1187	если	_	_	_	_	_	_	_	words@dc1994m#@dc1994m#515.998#516.302
1188	я	_	_	_	_	_	_	_	words@dc1994m#@dc1994m#516.302#516.606
1189	смотрю	_	_	_	_	_	_	_	words@dc1994m#@dc1994m#516.606#516.91
1190	/	_	_	_	_	_	_	_	words@dc1994m#@dc1994m#516.91#517.214
1191	я	_	_	_	_	_	_	_	words@dc1994m#@dc1994m#517.214#517.518
1192	даже	_	_	_	_	_	_	_	words@dc1994m#@dc1994m#517.518#517.822
1193	уже	_	_	_	_	_	_	_	words@dc1994m#@dc1994m#517.822#518.126
1194	не	_	_	_	_	_	_	_	words@dc1994m#@dc1994m#518.126#518.43
1195	помню	_	_	_	_	_	_	_	words@dc1994m#@dc1994m#518.43#518.734
1196	/	_	_	_	_	_	_	_	words@dc1994m#@dc1994m#518.734#519.038
1197	есть	_	_	_	_	_	_	_	words@dc1994m#@dc1994m#519.038#519.342
1198	ли	_	_	_	_	_	_	_	words@dc1994m#@dc1994m#519.342#519.646
1199	фильмы	_	_	_	_	_	_	_	words@dc1994m#@dc1994m#519.646#519.95
1200	какие-то	_	_	_	_	_	_	_	words@dc1994m#@dc1994m#519.95#520.254
1201	/	_	_	_	_	_	_	_	words@dc1994m#@dc1994m#520.254#520.558
1202	без	_	_	_	_	_	_	_	words@dc1994m#@dc1994m#520.558#520.862
1203	вас	_	_	_	_	_	_	_	words@dc1994m#@dc1994m#520.862#521.166
1204	/	_	_	_	_	_	_	_	words@dc1994m#@dc1994m#521.166#521.47
1205	/	_	_	_	_	_	_	_	words@dc1994m#@dc1994m#521.47#521.774
1206	но	_	_	_	_	_	_	_	words@dc1994m#@dc1994m#521.774#522.078
1207	если	_	_	_	_	_	_	_	words@dc1994m#@dc1994m#522.078#522.382
1208	я	_	_	_	_	_	_	_	words@dc1994m#@dc1994m#522.382#522.686
1209	смотрю	_	_	_	_	_	_	_	words@dc1994m#@dc1994m#522.686#522.99
1210	и	_	_	_	_	_	_	_	words@dc1994m#@dc1994m#522.99#523.294
1211	слышу	_	_	_	_	_	_	_	words@dc1994m#@dc1994m#523.294#523.598
1212	/	_	_	_	_	_	_	_	words@dc1994m#@dc1994m#523.598#523.902
1213	эаа	_	_	_	_	_	_	_	words@dc1994m#@dc1994m#523.902#524.206
1214	/	_	_	_	_	_	_	_	words@dc1994m#@dc1994m#524.206#524.51
1215	не	_	_	_	_	_	_	_	words@dc1994m#@dc1994m#524.51#524.814
1216	вас	_	_	_	_	_	_	_	words@dc1994m#@dc1994m#524.814#525.118
1217	/	_	_	_	_	_	_	_	words@dc1994m#@dc1994m#525.118#525.422
1218	вот	_	_	_	_	_	_	_	words@dc1994m#@dc1994m#525.422#525.726
1219	с	_	_	_	_	_	_	_	words@dc1994m#@dc1994m#525.726#526.03
1220	Вуди	_	_	_	_	_	_	_	words@dc1994m#@dc1994m#526.03#526.334
1221	Харрельс...	_	_	_	_	_	_	_	words@dc1994m#@dc1994m#526.334#526.638
1222	именно	_	_	_	_	_	_	_	words@dc1994m#@dc1994m#526.638#526.942
1223	/	_	_	_	_	_	_	_	words@dc1994m#@dc1994m#526.942#527.246
1224	/	_	_	_	_	_	_	_	words@dc1994m#@dc1994m#527.246#527.55
1225	это	_	_	_	_	_	_	_	words@dc1994m#@dc1994m#527.55#527.854
1226	/	_	_	_	_	_	_	_	words@dc1994m#@dc1994m#527.854#528.158
1227	ну	_	_	_	_	_	_	_	words@dc1994m#@dc1994m#528.158#528.462
1228	уже	_	_	_	_	_	_	_	words@dc1994m#@dc1994m#528.462#528.766
1229	все	_	_	_	_	_	_	_	words@dc1994m#@dc1994m#528.766#529.07
1230	/	_	_	_	_	_	_	_	words@dc1994m#@dc1994m#529.07#529.374
1231	это	_	_	_	_	_	_	_	words@dc1994m#@dc1994m#529.374#529.678
1232	трагедия	_	_	_	_	_	_	_	words@dc1994m#@dc1994m#529.678#529.982
1233	/	_	_	_	_	_	_	_	words@dc1994m#@dc1994m#529.982#530.286
1234	это	_	_	_	_	_	_	_	words@dc1994m#@dc1994m#530.286#530.59
1235	/	_	_	_	_	_	_	_	words@dc1994m#@dc1994m#530.59#530.894
1236	да	_	_	_	_	_	_	_	words@dc1994m#@dc1994m#530.894#531.198
1237	/	_	_	_	_	_	_	_	words@dc1994m#@dc1994m#531.198#531.502
1238	это	_	_	_	_	_	_	_	words@dc1994m#@dc1994m#531.502#531.806
1239	кино	_	_	_	_	_	_	_	words@dc1994m#@dc1994m#531.806#532.11
1240	можно	_	_	_	_	_	_	_	words@dc1994m#@dc1994m#532.11#532.414
1241	не	_	_	_	_	_	_	_	words@dc1994m#@dc1994m#532.414#532.718
1242	смотреть	_	_	_	_	_	_	_	words@dc1994m#@dc1994m#532.718#533.022
1243	/	_	_	_	_	_	_	_	words@dc1994m#@dc1994m#533.022#533.326
1244	/	_	_	_	_	_	_	_	words@dc1994m#@dc1994m#533.326#533.74
1245	ии	_	_	_	_	_	_	_	words@dc1994m#@dc1994m#553.15#553.395
1246	/	_	_	_	_	_	_	_	words@dc1994m#@dc1994m#553.395#553.64
1247	/	_	_	_	_	_	_	_	words@dc1994m#@dc1994m#553.64#553.885
1248	я	_	_	_	_	_	_	_	words@dc1994m#@dc1994m#553.885#554.13
1249	думаю	_	_	_	_	_	_	_	words@dc1994m#@dc1994m#554.13#554.375
1250	/	_	_	_	_	_	_	_	words@dc1994m#@dc1994m#554.375#554.62
1251	что	_	_	_	_	_	_	_	words@dc1994m#@dc1994m#554.62#554.865
1252	если	_	_	_	_	_	_	_	words@dc1994m#@dc1994m#554.865#555.11
1253	я	_	_	_	_	_	_	_	words@dc1994m#@dc1994m#555.11#555.355
1254	встречу	_	_	_	_	_	_	_	words@dc1994m#@dc1994m#555.355#555.6
1255	Вуди	_	_	_	_	_	_	_	words@dc1994m#@dc1994m#555.6#555.845
1256	Харрельсона	_	_	_	_	_	_	_	words@dc1994m#@dc1994m#555.845#556.09
1257	где-то	_	_	_	_	_	_	_	words@dc1994m#@dc1994m#556.09#556.335
1258	/	_	_	_	_	_	_	_	words@dc1994m#@dc1994m#556.335#556.58
1259	уу	_	_	_	_	_	_	_	words@dc1994m#@dc1994m#556.58#556.825
1260	/	_	_	_	_	_	_	_	words@dc1994m#@dc1994m#556.825#557.07
1261	там	_	_	_	_	_	_	_	words@dc1994m#@dc1994m#557.07#557.315
1262	/	_	_	_	_	_	_	_	words@dc1994m#@dc1994m#557.315#557.56
1263	в	_	_	_	_	_	_	_	words@dc1994m#@dc1994m#557.56#557.805
1264	России	_	_	_	_	_	_	_	words@dc1994m#@dc1994m#557.805#558.05
1265	/	_	_	_	_	_	_	_	words@dc1994m#@dc1994m#558.05#558.295
1266	да	_	_	_	_	_	_	_	words@dc1994m#@dc1994m#558.295#558.54
1267	/	_	_	_	_	_	_	_	words@dc1994m#@dc1994m#558.54#558.785
1268	то	_	_	_	_	_	_	_	words@dc1994m#@dc1994m#558.785#559.03
1269	он	_	_	_	_	_	_	_	words@dc1994m#@dc1994m#559.03#559.275
1270	должен	_	_	_	_	_	_	_	words@dc1994m#@dc1994m#559.275#559.52
1271	разговаривать	_	_	_	_	_	_	_	words@dc1994m#@dc1994m#559.52#559.765
1272	вашим	_	_	_	_	_	_	_	words@dc1994m#@dc1994m#559.765#560.01
1273	голосом	_	_	_	_	_	_	_	words@dc1994m#@dc1994m#560.01#560.255
1274	/	_	_	_	_	_	_	_	words@dc1994m#@dc1994m#560.255#560.5
1275	/	_	_	_	_	_	_	_	words@dc1994m#@dc1994m#560.5#560.745
1276	ну	_	_	_	_	_	_	_	words@dc1994m#@dc1994m#560.745#560.99
1277	/	_	_	_	_	_	_	_	words@dc1994m#@dc1994m#560.99#561.235
1278	по	_	_	_	_	_	_	_	words@dc1994m#@dc1994m#561.235#561.48
1279	моему	_	_	_	_	_	_	_	words@dc1994m#@dc1994m#561.48#561.725
1280	мнению	_	_	_	_	_	_	_	words@dc1994m#@dc1994m#561.725#561.97
1281	вот	_	_	_	_	_	_	_	words@dc1994m#@dc1994m#561.97#562.215
1282	есть	_	_	_	_	_	_	_	words@dc1994m#@dc1994m#562.215#562.46
1283	/	_	_	_	_	_	_	_	words@dc1994m#@dc1994m#562.46#562.705
1284	например	_	_	_	_	_	_	_	words@dc1994m#@dc1994m#562.705#562.95
1285	/	_	_	_	_	_	_	_	words@dc1994m#@dc1994m#562.95#563.195
1286	Владимир	_	_	_	_	_	_	_	words@dc1994m#@dc1994m#563.195#563.44
1287	Зайцев	_	_	_	_	_	_	_	words@dc1994m#@dc1994m#563.44#563.685
1288	да	_	_	_	_	_	_	_	words@dc1994m#@dc1994m#563.685#563.93
1289	/	_	_	_	_	_	_	_	words@dc1994m#@dc1994m#563.93#564.175
1290	ии	_	_	_	_	_	_	_	words@dc1994m#@dc1994m#564.175#564.42
1291	/	_	_	_	_	_	_	_	words@dc1994m#@dc1994m#564.42#564.665
1292	и	_	_	_	_	_	_	_	words@dc1994m#@dc1994m#564.665#564.91
1293	/	_	_	_	_	_	_	_	words@dc1994m#@dc1994m#564.91#565.155
1294	/	_	_	_	_	_	_	_	words@dc1994m#@dc1994m#565.155#565.4
1295	а	_	_	_	_	_	_	_	words@dc1994m#@dc1994m#573.0#573.118
1296	общаетесь	_	_	_	_	_	_	_	words@dc1994m#@dc1994m#573.118#573.236
1297	щас	_	_	_	_	_	_	_	words@dc1994m#@dc1994m#573.236#573.354
1298	?	_	_	_	_	_	_	_	words@dc1994m#@dc1994m#573.354#573.472
1299	/	_	_	_	_	_	_	_	words@dc1994m#@dc1994m#573.472#573.59
1300	/	_	_	_	_	_	_	_	words@dc1994m#@dc1994m#573.59#573.71
1301	ага	_	_	_	_	_	_	_	words@dc1994m#@dc1994m#578.638#578.731
1302	/	_	_	_	_	_	_	_	words@dc1994m#@dc1994m#578.731#578.824
1303	/	_	_	_	_	_	_	_	words@dc1994m#@dc1994m#578.824#578.918